"","Allsymbols"
"1","AAMC"
"2","AAU"
"3","ABE"
"4","ACU"
"5","ACY"
"6","ADK"
"7","ADK-PA"
"8","AE"
"9","AIII"
"10","AINC"
"11","AIRI"
"12","AKG"
"13","ALN"
"14","ALO"
"15","AMPE"
"16","AMS"
"17","APHB"
"18","APT"
"19","ARNC-P"
"20","ASM"
"21","AST"
"22","ATEST"
"23","ATNM"
"24","AUMN"
"25","AUXO"
"26","AWX"
"27","AXN"
"28","AXU"
"29","BAA"
"30","BCV"
"31","BCV-PA"
"32","BDL"
"33","BDR"
"34","BFY"
"35","BGI"
"36","BGSF"
"37","BHB"
"38","BHV"
"39","BKJ"
"40","BLE"
"41","BLJ"
"42","BPMX"
"43","BRG"
"44","BRG-PA"
"45","BRG-PC"
"46","BRG-PD"
"47","BRN"
"48","BTG"
"49","BTI"
"50","BTN"
"51","BTX"
"52","BVX"
"53","BZM"
"54","CANF"
"55","CAW"
"56","CCA"
"57","CCF"
"58","CEF"
"59","CEI"
"60","CET"
"61","CEV"
"62","CH"
"63","CIK"
"64","CIX"
"65","CKX"
"66","CLM"
"67","CMT"
"68","CPHI"
"69","CQH"
"70","CQP"
"71","CRF"
"72","CRHM"
"73","CRMD"
"74","CRVP"
"75","CTO"
"76","CUO"
"77","CVM"
"78","CVR"
"79","CVRS"
"80","CVU"
"81","DGSE"
"82","DHY"
"83","DIT"
"84","DLA"
"85","DMF"
"86","DNN"
"87","DPW"
"88","DSS"
"89","DXR"
"90","EAD"
"91","ECF"
"92","EGAS"
"93","EGI"
"94","EIA"
"95","EIM"
"96","EIO"
"97","EIP"
"98","EIV"
"99","ELLO"
"100","ELMD"
"101","EMAN"
"102","EMI"
"103","EMJ"
"104","EMX"
"105","ENRJ"
"106","ENSV"
"107","ENX"
"108","EPM"
"109","ERC"
"110","ERH"
"111","ERN"
"112","ESNC"
"113","ESP"
"114","EVBN"
"115","EVI"
"116","EVJ"
"117","EVM"
"118","EVO"
"119","EVP"
"120","EVV"
"121","EVY"
"122","FAX"
"123","FCO"
"124","FEN"
"125","FPP"
"126","FRD"
"127","FSI"
"128","FSP"
"129","FTF"
"130","GBR"
"131","GDP"
"132","GGN"
"133","GGN-PB"
"134","GGO"
"135","GGO-PA"
"136","GLO"
"137","GLOW"
"138","GLQ"
"139","GLU"
"140","GLU-PA"
"141","GLV"
"142","GMO"
"143","GORO"
"144","GPL"
"145","GRF"
"146","GSAT"
"147","GSB"
"148","GSS"
"149","GST"
"150","GST-PA"
"151","GST-PB"
"152","GSV"
"153","GTE"
"154","GV"
"155","GVP"
"156","HEB"
"157","HLM-P"
"158","HLTH"
"159","HMG"
"160","HNW"
"161","HTM"
"162","HUSA"
"163","IAF"
"164","IBIO"
"165","IBO"
"166","IDN"
"167","IEC"
"168","IF"
"169","IFMI"
"170","IGC"
"171","IHT"
"172","IMH"
"173","IMO"
"174","IMUC"
"175","INFU"
"176","INS"
"177","INTT"
"178","INUV"
"179","IOT"
"180","IPB"
"181","IRT"
"182","ISDR"
"183","ISL"
"184","ISR"
"185","JOB"
"186","JRJR"
"187","KIQ"
"188","KLDX"
"189","LAQ"
"190","LBY"
"191","LEU"
"192","LGL"
"193","LIQT"
"194","LLEX"
"195","LNG"
"196","LODE"
"197","LOV"
"198","LTS"
"199","LTS-PA"
"200","MAB"
"201","MAG"
"202","MCF"
"203","MHE"
"204","MHH"
"205","MICR"
"206","MIW"
"207","MJCO"
"208","MLSS"
"209","MMV"
"210","MOC"
"211","MSN"
"212","MTNB"
"213","MVF"
"214","MXC"
"215","MZA"
"216","NAK"
"217","NAVB"
"218","NBH"
"219","NBO"
"220","NBW"
"221","NBY"
"222","NEN"
"223","NG"
"224","NGD"
"225","NHC"
"226","NHS"
"227","NJV"
"228","NML"
"229","NNVC"
"230","NOG"
"231","NPN"
"232","NRO"
"233","NSAT"
"234","NSPR"
"235","NSU"
"236","NTIP"
"237","NTN"
"238","NXE"
"239","NYH"
"240","OCX"
"241","OGEN"
"242","ONP"
"243","ORM"
"244","PARR"
"245","PCG-PA"
"246","PCG-PB"
"247","PCG-PC"
"248","PCG-PD"
"249","PCG-PE"
"250","PCG-PG"
"251","PCG-PH"
"252","PCG-PI"
"253","PED"
"254","PFNX"
"255","PHF"
"256","PLG"
"257","PLM"
"258","PLX"
"259","PRK"
"260","PTN"
"261","PW"
"262","PW-PA"
"263","PZG"
"264","RCG"
"265","REED"
"266","REI"
"267","RIF"
"268","RLGT"
"269","RLGT-PA"
"270","RNN"
"271","ROX"
"272","RVP"
"273","RWC"
"274","SACH"
"275","SAND"
"276","SBI"
"277","SCE-PB"
"278","SCE-PC"
"279","SCE-PD"
"280","SCE-PE"
"281","SDPI"
"282","SEB"
"283","SENS"
"284","SGA"
"285","SGB"
"286","SIF"
"287","SIM"
"288","SKY"
"289","SPP"
"290","SRCI"
"291","SSN"
"292","SSY"
"293","STRP"
"294","STS"
"295","SVM"
"296","SVT"
"297","SYN"
"298","TAT"
"299","TEUM"
"300","TGB"
"301","TGC"
"302","THM"
"303","TIK"
"304","TIS"
"305","TKAT"
"306","TMP"
"307","TMQ"
"308","TPHS"
"309","TRT"
"310","TRX"
"311","TRXC"
"312","TXMD"
"313","UAMY"
"314","UEC"
"315","UFAB"
"316","UQM"
"317","URG"
"318","USAS"
"319","UTG"
"320","UUU"
"321","UUUU"
"322","UWN"
"323","VCF"
"324","VFL"
"325","VGZ"
"326","VHC"
"327","VII"
"328","VISI"
"329","VKI"
"330","VMM"
"331","VNRX"
"332","VSR"
"333","WRN"
"334","WTT"
"335","WYY"
"336","XPL"
"337","XRA"
"338","XTNT"
"339","XXII"
"340","YUMA"
"341","ZDGE"
"342","AAAP"
"343","AAL"
"344","AAME"
"345","AAOI"
"346","AAON"
"347","AAPC"
"348","AAPL"
"349","AAWW"
"350","AAXJ"
"351","AAXN"
"352","ABAC"
"353","ABAX"
"354","ABCB"
"355","ABCD"
"356","ABCO"
"357","ABDC"
"358","ABEO"
"359","ABEOW"
"360","ABIL"
"361","ABIO"
"362","ABMD"
"363","ABTL"
"364","ABTX"
"365","ABUS"
"366","ABY"
"367","ACAD"
"368","ACBI"
"369","ACCP"
"370","ACCPW"
"371","ACET"
"372","ACFC"
"373","ACGL"
"374","ACGLP"
"375","ACHC"
"376","ACHN"
"377","ACIA"
"378","ACIU"
"379","ACIW"
"380","ACLS"
"381","ACNB"
"382","ACOR"
"383","ACRS"
"384","ACRX"
"385","ACSF"
"386","ACST"
"387","ACTA"
"388","ACTG"
"389","ACTX"
"390","ACWI"
"391","ACWX"
"392","ACXM"
"393","ADAP"
"394","ADBE"
"395","ADES"
"396","ADHD"
"397","ADI"
"398","ADMA"
"399","ADMP"
"400","ADMS"
"401","ADP"
"402","ADRA"
"403","ADRD"
"404","ADRE"
"405","ADRO"
"406","ADRU"
"407","ADSK"
"408","ADTN"
"409","ADUS"
"410","ADVM"
"411","ADXS"
"412","ADXSW"
"413","AEGN"
"414","AEHR"
"415","AEIS"
"416","AEMD"
"417","AERI"
"418","AETI"
"419","AEY"
"420","AEZS"
"421","AFAM"
"422","AFH"
"423","AFHBL"
"424","AFMD"
"425","AFSI"
"426","AGEN"
"427","AGFS"
"428","AGFSW"
"429","AGII"
"430","AGIIL"
"431","AGIO"
"432","AGLE"
"433","AGNC"
"434","AGNCB"
"435","AGNCP"
"436","AGND"
"437","AGRX"
"438","AGTC"
"439","AGYS"
"440","AGZD"
"441","AHGP"
"442","AHPA"
"443","AHPAU"
"444","AHPAW"
"445","AHPI"
"446","AIA"
"447","AIMC"
"448","AIMT"
"449","AINV"
"450","AIQ"
"451","AIRG"
"452","AIRR"
"453","AIRT"
"454","AKAM"
"455","AKAO"
"456","AKBA"
"457","AKER"
"458","AKRX"
"459","AKTS"
"460","AKTX"
"461","ALBO"
"462","ALCO"
"463","ALDR"
"464","ALDX"
"465","ALGN"
"466","ALGT"
"467","ALIM"
"468","ALJJ"
"469","ALKS"
"470","ALLT"
"471","ALNY"
"472","ALOG"
"473","ALOT"
"474","ALQA"
"475","ALRM"
"476","ALSK"
"477","ALT"
"478","ALTY"
"479","ALXN"
"480","AMAG"
"481","AMAT"
"482","AMBA"
"483","AMBC"
"484","AMBCW"
"485","AMCN"
"486","AMCX"
"487","AMD"
"488","AMDA"
"489","AMED"
"490","AMGN"
"491","AMKR"
"492","AMMA"
"493","AMNB"
"494","AMOT"
"495","AMOV"
"496","AMPH"
"497","AMRB"
"498","AMRI"
"499","AMRK"
"500","AMRN"
"501","AMRS"
"502","AMSC"
"503","AMSF"
"504","AMSWA"
"505","AMTD"
"506","AMTX"
"507","AMWD"
"508","AMZN"
"509","ANAB"
"510","ANAT"
"511","ANCB"
"512","ANCX"
"513","ANDA"
"514","ANDAR"
"515","ANDAU"
"516","ANDAW"
"517","ANDE"
"518","ANGI"
"519","ANGO"
"520","ANIK"
"521","ANIP"
"522","ANSS"
"523","ANTH"
"524","ANY"
"525","AOBC"
"526","AOSL"
"527","APDN"
"528","APDNW"
"529","APEI"
"530","APEN"
"531","APLP"
"532","APOG"
"533","APOP"
"534","APOPW"
"535","APPF"
"536","APPS"
"537","APRI"
"538","APTI"
"539","APTO"
"540","APVO"
"541","APWC"
"542","AQB"
"543","AQMS"
"544","AQXP"
"545","ARAY"
"546","ARCB"
"547","ARCC"
"548","ARCI"
"549","ARCW"
"550","ARDM"
"551","ARDX"
"552","AREX"
"553","ARGS"
"554","ARII"
"555","ARIS"
"556","ARKR"
"557","ARLP"
"558","ARLZ"
"559","ARNA"
"560","AROW"
"561","ARQL"
"562","ARRS"
"563","ARRY"
"564","ARTNA"
"565","ARTW"
"566","ARTX"
"567","ARWR"
"568","ASBB"
"569","ASCMA"
"570","ASET"
"571","ASFI"
"572","ASMB"
"573","ASML"
"574","ASNA"
"575","ASND"
"576","ASPS"
"577","ASRV"
"578","ASRVP"
"579","ASTC"
"580","ASTE"
"581","ASUR"
"582","ASV"
"583","ASYS"
"584","ATAI"
"585","ATAX"
"586","ATEC"
"587","ATHN"
"588","ATHX"
"589","ATLC"
"590","ATLO"
"591","ATNI"
"592","ATOM"
"593","ATOS"
"594","ATRA"
"595","ATRC"
"596","ATRI"
"597","ATRO"
"598","ATRS"
"599","ATSG"
"600","ATTU"
"601","ATVI"
"602","AUBN"
"603","AUDC"
"604","AUPH"
"605","AVAV"
"606","AVDL"
"607","AVEO"
"608","AVGO"
"609","AVGR"
"610","AVHI"
"611","AVID"
"612","AVIR"
"613","AVNW"
"614","AVXL"
"615","AVXS"
"616","AWRE"
"617","AXAR"
"618","AXARU"
"619","AXARW"
"620","AXAS"
"621","AXDX"
"622","AXGN"
"623","AXSM"
"624","AXTI"
"625","AYA"
"626","AZPN"
"627","AZRX"
"628","BABY"
"629","BANF"
"630","BANFP"
"631","BANR"
"632","BANX"
"633","BASI"
"634","BATRA"
"635","BATRK"
"636","BBBY"
"637","BBC"
"638","BBGI"
"639","BBH"
"640","BBOX"
"641","BBP"
"642","BBRG"
"643","BBRX"
"644","BBRY"
"645","BBSI"
"646","BCBP"
"647","BCLI"
"648","BCOM"
"649","BCOR"
"650","BCOV"
"651","BCPC"
"652","BCRX"
"653","BCTF"
"654","BDE"
"655","BDGE"
"656","BDSI"
"657","BEAT"
"658","BEBE"
"659","BECN"
"660","BELFA"
"661","BELFB"
"662","BFIN"
"663","BFIT"
"664","BGCP"
"665","BGFV"
"666","BGNE"
"667","BHAC"
"668","BHACR"
"669","BHACU"
"670","BHACW"
"671","BHBK"
"672","BIB"
"673","BICK"
"674","BIDU"
"675","BIIB"
"676","BIOC"
"677","BIOL"
"678","BIOP"
"679","BIOS"
"680","BIS"
"681","BIVV"
"682","BJRI"
"683","BKCC"
"684","BKEP"
"685","BKEPP"
"686","BKMU"
"687","BKSC"
"688","BL"
"689","BLBD"
"690","BLCM"
"691","BLDP"
"692","BLDR"
"693","BLFS"
"694","BLIN"
"695","BLKB"
"696","BLMN"
"697","BLMT"
"698","BLPH"
"699","BLRX"
"700","BLUE"
"701","BLVD"
"702","BLVDU"
"703","BLVDW"
"704","BMCH"
"705","BMLA"
"706","BMLP"
"707","BMRA"
"708","BMRC"
"709","BMRN"
"710","BMTC"
"711","BNCL"
"712","BNCN"
"713","BNDX"
"714","BNFT"
"715","BNSO"
"716","BNTC"
"717","BNTCW"
"718","BOBE"
"719","BOCH"
"720","BOFI"
"721","BOFIL"
"722","BOJA"
"723","BOKF"
"724","BOKFL"
"725","BOLD"
"726","BOLT"
"727","BONT"
"728","BOOM"
"729","BOSC"
"730","BOTJ"
"731","BOTZ"
"732","BOXL"
"733","BPFH"
"734","BPFHP"
"735","BPFHW"
"736","BPMC"
"737","BPOP"
"738","BPOPM"
"739","BPOPN"
"740","BPTH"
"741","BRCD"
"742","BREW"
"743","BRID"
"744","BRKL"
"745","BRKR"
"746","BRKS"
"747","BSET"
"748","BSF"
"749","BSFT"
"750","BSPM"
"751","BSQR"
"752","BSRR"
"753","BSTC"
"754","BSTG"
"755","BTEC"
"756","BUFF"
"757","BUR"
"758","BUSE"
"759","BV"
"760","BVSN"
"761","BVXV"
"762","BVXVW"
"763","BWEN"
"764","BWFG"
"765","BWINA"
"766","BWINB"
"767","BWLD"
"768","BYBK"
"769","BYFC"
"770","BYSI"
"771","BZUN"
"772","CA"
"773","CAAS"
"774","CAC"
"775","CACB"
"776","CACC"
"777","CACG"
"778","CACQ"
"779","CADC"
"780","CAFD"
"781","CAKE"
"782","CALA"
"783","CALD"
"784","CALI"
"785","CALL"
"786","CALM"
"787","CAMP"
"788","CAMT"
"789","CAPR"
"790","CAR"
"791","CARA"
"792","CARB"
"793","CARO"
"794","CART"
"795","CARV"
"796","CARZ"
"797","CASC"
"798","CASH"
"799","CASI"
"800","CASM"
"801","CASS"
"802","CASY"
"803","CATB"
"804","CATH"
"805","CATM"
"806","CATS"
"807","CATY"
"808","CATYW"
"809","CAVM"
"810","CBAK"
"811","CBAN"
"812","CBAY"
"813","CBF"
"814","CBFV"
"815","CBIO"
"816","CBLI"
"817","CBMG"
"818","CBMX"
"819","CBMXW"
"820","CBOE"
"821","CBPO"
"822","CBRL"
"823","CBSH"
"824","CBSHP"
"825","CCBG"
"826","CCCL"
"827","CCCR"
"828","CCD"
"829","CCFI"
"830","CCIH"
"831","CCLP"
"832","CCMP"
"833","CCN"
"834","CCNE"
"835","CCOI"
"836","CCRC"
"837","CCRN"
"838","CCUR"
"839","CCXI"
"840","CDC"
"841","CDEV"
"842","CDK"
"843","CDL"
"844","CDNA"
"845","CDNS"
"846","CDOR"
"847","CDTI"
"848","CDTX"
"849","CDW"
"850","CDXC"
"851","CDXS"
"852","CDZI"
"853","CECE"
"854","CECO"
"855","CELG"
"856","CELGZ"
"857","CEMI"
"858","CEMP"
"859","CENT"
"860","CENTA"
"861","CENX"
"862","CERC"
"863","CERCW"
"864","CERN"
"865","CERS"
"866","CERU"
"867","CETV"
"868","CETX"
"869","CETXP"
"870","CETXW"
"871","CEVA"
"872","CEZ"
"873","CFA"
"874","CFBI"
"875","CFBK"
"876","CFCB"
"877","CFCO"
"878","CFCOU"
"879","CFCOW"
"880","CFFI"
"881","CFFN"
"882","CFMS"
"883","CFNB"
"884","CFO"
"885","CFRX"
"886","CG"
"887","CGEN"
"888","CGIX"
"889","CGNT"
"890","CGNX"
"891","CGO"
"892","CHCI"
"893","CHCO"
"894","CHDN"
"895","CHEF"
"896","CHEK"
"897","CHEKW"
"898","CHFC"
"899","CHFN"
"900","CHI"
"901","CHKE"
"902","CHKP"
"903","CHMA"
"904","CHMG"
"905","CHNR"
"906","CHRS"
"907","CHRW"
"908","CHSCL"
"909","CHSCM"
"910","CHSCN"
"911","CHSCO"
"912","CHSCP"
"913","CHTR"
"914","CHUBA"
"915","CHUBK"
"916","CHUY"
"917","CHW"
"918","CHY"
"919","CIBR"
"920","CID"
"921","CIDM"
"922","CIGI"
"923","CIL"
"924","CINF"
"925","CIVB"
"926","CIVBP"
"927","CIZ"
"928","CIZN"
"929","CJJD"
"930","CLAC"
"931","CLACU"
"932","CLACW"
"933","CLBS"
"934","CLCT"
"935","CLDC"
"936","CLDX"
"937","CLFD"
"938","CLIR"
"939","CLIRW"
"940","CLLS"
"941","CLMT"
"942","CLNE"
"943","CLNT"
"944","CLRB"
"945","CLRBW"
"946","CLRBZ"
"947","CLRO"
"948","CLSD"
"949","CLSN"
"950","CLUB"
"951","CLVS"
"952","CLWT"
"953","CMCO"
"954","CMCSA"
"955","CMCT"
"956","CME"
"957","CMFN"
"958","CMLS"
"959","CMPR"
"960","CMRX"
"961","CMTL"
"962","CNAT"
"963","CNBKA"
"964","CNCE"
"965","CNCR"
"966","CNET"
"967","CNFR"
"968","CNIT"
"969","CNMD"
"970","CNOB"
"971","CNSL"
"972","CNTF"
"973","CNTY"
"974","CNXN"
"975","CNXR"
"976","COBZ"
"977","COGT"
"978","COHR"
"979","COHU"
"980","COKE"
"981","COLB"
"982","COLL"
"983","COLM"
"984","COMM"
"985","COMT"
"986","CONE"
"987","CONN"
"988","COOL"
"989","CORE"
"990","CORI"
"991","CORT"
"992","COST"
"993","COUP"
"994","COVS"
"995","COWN"
"996","COWNL"
"997","CPAA"
"998","CPAAU"
"999","CPAAW"
"1000","CPAH"
"1001","CPHC"
"1002","CPIX"
"1003","CPLA"
"1004","CPLP"
"1005","CPRT"
"1006","CPRX"
"1007","CPSH"
"1008","CPSI"
"1009","CPSS"
"1010","CPST"
"1011","CPTA"
"1012","CRAI"
"1013","CRAY"
"1014","CRBP"
"1015","CRDS"
"1016","CRDT"
"1017","CREE"
"1018","CREG"
"1019","CRESY"
"1020","CRIS"
"1021","CRME"
"1022","CRMT"
"1023","CRNT"
"1024","CROX"
"1025","CRSP"
"1026","CRTN"
"1027","CRTO"
"1028","CRUS"
"1029","CRVL"
"1030","CRVS"
"1031","CRWS"
"1032","CRZO"
"1033","CSA"
"1034","CSB"
"1035","CSBK"
"1036","CSBR"
"1037","CSCO"
"1038","CSF"
"1039","CSFL"
"1040","CSGP"
"1041","CSGS"
"1042","CSII"
"1043","CSIQ"
"1044","CSOD"
"1045","CSPI"
"1046","CSQ"
"1047","CSTE"
"1048","CSTR"
"1049","CSWC"
"1050","CSWI"
"1051","CSX"
"1052","CTAS"
"1053","CTBI"
"1054","CTG"
"1055","CTHR"
"1056","CTIB"
"1057","CTIC"
"1058","CTMX"
"1059","CTRE"
"1060","CTRL"
"1061","CTRN"
"1062","CTRP"
"1063","CTRV"
"1064","CTSH"
"1065","CTSO"
"1066","CTWS"
"1067","CTXS"
"1068","CUBA"
"1069","CUBN"
"1070","CUI"
"1071","CUNB"
"1072","CUR"
"1073","CUTR"
"1074","CVBF"
"1075","CVCO"
"1076","CVCY"
"1077","CVGI"
"1078","CVGW"
"1079","CVLT"
"1080","CVLY"
"1081","CVTI"
"1082","CVV"
"1083","CWAY"
"1084","CWBC"
"1085","CWCO"
"1086","CWST"
"1087","CXDC"
"1088","CXRX"
"1089","CXSE"
"1090","CY"
"1091","CYAD"
"1092","CYAN"
"1093","CYBE"
"1094","CYBR"
"1095","CYCC"
"1096","CYCCP"
"1097","CYHHZ"
"1098","CYOU"
"1099","CYRN"
"1100","CYRX"
"1101","CYRXW"
"1102","CYTK"
"1103","CYTR"
"1104","CYTX"
"1105","CYTXW"
"1106","CZFC"
"1107","CZNC"
"1108","CZR"
"1109","CZWI"
"1110","DAIO"
"1111","DAKT"
"1112","DAVE"
"1113","DAX"
"1114","DBVT"
"1115","DCIX"
"1116","DCOM"
"1117","DCTH"
"1118","DDBI"
"1119","DELT"
"1120","DELTW"
"1121","DENN"
"1122","DEPO"
"1123","DERM"
"1124","DEST"
"1125","DFBG"
"1126","DFFN"
"1127","DFNL"
"1128","DFRG"
"1129","DFVL"
"1130","DFVS"
"1131","DGAS"
"1132","DGICA"
"1133","DGICB"
"1134","DGII"
"1135","DGLD"
"1136","DGLT"
"1137","DGLY"
"1138","DGRE"
"1139","DGRS"
"1140","DGRW"
"1141","DHIL"
"1142","DHXM"
"1143","DIOD"
"1144","DISCA"
"1145","DISCB"
"1146","DISCK"
"1147","DISH"
"1148","DJCO"
"1149","DLBL"
"1150","DLBS"
"1151","DLHC"
"1152","DLTH"
"1153","DLTR"
"1154","DMLP"
"1155","DMPI"
"1156","DMRC"
"1157","DMTX"
"1158","DNBF"
"1159","DNKN"
"1160","DORM"
"1161","DOX"
"1162","DRAD"
"1163","DRAM"
"1164","DRIO"
"1165","DRIOW"
"1166","DRNA"
"1167","DRRX"
"1168","DRWI"
"1169","DRYS"
"1170","DSGX"
"1171","DSKE"
"1172","DSKEW"
"1173","DSLV"
"1174","DSPG"
"1175","DSWL"
"1176","DTEA"
"1177","DTRM"
"1178","DTUL"
"1179","DTUS"
"1180","DTYL"
"1181","DTYS"
"1182","DUSA"
"1183","DVAX"
"1184","DVCR"
"1185","DWAC"
"1186","DWAQ"
"1187","DWAS"
"1188","DWAT"
"1189","DWCH"
"1190","DWFI"
"1191","DWIN"
"1192","DWLD"
"1193","DWLV"
"1194","DWSN"
"1195","DWTR"
"1196","DXCM"
"1197","DXGE"
"1198","DXJS"
"1199","DXLG"
"1200","DXPE"
"1201","DXPS"
"1202","DXTR"
"1203","DXYN"
"1204","DYNT"
"1205","DYSL"
"1206","DZSI"
"1207","EA"
"1208","EACQ"
"1209","EACQU"
"1210","EACQW"
"1211","EAGL"
"1212","EAGLU"
"1213","EAGLW"
"1214","EARS"
"1215","EBAY"
"1216","EBAYL"
"1217","EBIO"
"1218","EBIX"
"1219","EBMT"
"1220","EBSB"
"1221","EBTC"
"1222","ECHO"
"1223","ECOL"
"1224","ECPG"
"1225","ECYT"
"1226","EDAP"
"1227","EDBI"
"1228","EDGE"
"1229","EDGW"
"1230","EDIT"
"1231","EDUC"
"1232","EEFT"
"1233","EEI"
"1234","EEMA"
"1235","EFAS"
"1236","EFII"
"1237","EFOI"
"1238","EFSC"
"1239","EGAN"
"1240","EGBN"
"1241","EGHT"
"1242","EGLE"
"1243","EGLT"
"1244","EGOV"
"1245","EGRX"
"1246","EGT"
"1247","EHR"
"1248","EHTH"
"1249","EIGI"
"1250","EIGR"
"1251","EKSO"
"1252","ELEC"
"1253","ELECU"
"1254","ELECW"
"1255","ELGX"
"1256","ELON"
"1257","ELOS"
"1258","ELSE"
"1259","ELTK"
"1260","EMCB"
"1261","EMCF"
"1262","EMCG"
"1263","EMCI"
"1264","EMIF"
"1265","EMITF"
"1266","EMKR"
"1267","EML"
"1268","EMMS"
"1269","ENDP"
"1270","ENFC"
"1271","ENG"
"1272","ENOC"
"1273","ENPH"
"1274","ENSG"
"1275","ENT"
"1276","ENTA"
"1277","ENTG"
"1278","ENTL"
"1279","ENZL"
"1280","ENZY"
"1281","EPAY"
"1282","EPIX"
"1283","EPZM"
"1284","EQBK"
"1285","EQFN"
"1286","EQIX"
"1287","ERI"
"1288","ERIC"
"1289","ERIE"
"1290","ERII"
"1291","ESBK"
"1292","ESCA"
"1293","ESEA"
"1294","ESES"
"1295","ESG"
"1296","ESGD"
"1297","ESGE"
"1298","ESGG"
"1299","ESGR"
"1300","ESGU"
"1301","ESIO"
"1302","ESLT"
"1303","ESND"
"1304","ESPR"
"1305","ESRX"
"1306","ESSA"
"1307","ESXB"
"1308","ETFC"
"1309","ETRM"
"1310","ETSY"
"1311","EUFN"
"1312","EVAR"
"1313","EVBG"
"1314","EVBS"
"1315","EVEP"
"1316","EVGBC"
"1317","EVGN"
"1318","EVK"
"1319","EVLMC"
"1320","EVLV"
"1321","EVOK"
"1322","EVOL"
"1323","EVSTC"
"1324","EWBC"
"1325","EWZS"
"1326","EXA"
"1327","EXAC"
"1328","EXAS"
"1329","EXEL"
"1330","EXFO"
"1331","EXLS"
"1332","EXPD"
"1333","EXPE"
"1334","EXPO"
"1335","EXTR"
"1336","EXXI"
"1337","EYEG"
"1338","EYEGW"
"1339","EYES"
"1340","EYESW"
"1341","EZPW"
"1342","FAAR"
"1343","FAB"
"1344","FAD"
"1345","FALC"
"1346","FALN"
"1347","FANG"
"1348","FANH"
"1349","FARM"
"1350","FARO"
"1351","FAST"
"1352","FATE"
"1353","FB"
"1354","FBIO"
"1355","FBIZ"
"1356","FBMS"
"1357","FBNC"
"1358","FBNK"
"1359","FBRC"
"1360","FBSS"
"1361","FBZ"
"1362","FCA"
"1363","FCAN"
"1364","FCAP"
"1365","FCBC"
"1366","FCCO"
"1367","FCCY"
"1368","FCEF"
"1369","FCEL"
"1370","FCFP"
"1371","FCFS"
"1372","FCNCA"
"1373","FCSC"
"1374","FCVT"
"1375","FDEF"
"1376","FDIV"
"1377","FDT"
"1378","FDTS"
"1379","FDUS"
"1380","FEIM"
"1381","FELE"
"1382","FEM"
"1383","FEMB"
"1384","FEMS"
"1385","FENX"
"1386","FEP"
"1387","FEUZ"
"1388","FEX"
"1389","FEYE"
"1390","FFBC"
"1391","FFBCW"
"1392","FFHL"
"1393","FFIC"
"1394","FFIN"
"1395","FFIV"
"1396","FFKT"
"1397","FFNW"
"1398","FFWM"
"1399","FGBI"
"1400","FGEN"
"1401","FGM"
"1402","FH"
"1403","FHB"
"1404","FHCO"
"1405","FHK"
"1406","FIBK"
"1407","FINL"
"1408","FINQ"
"1409","FINX"
"1410","FISI"
"1411","FISV"
"1412","FITB"
"1413","FITBI"
"1414","FITS"
"1415","FIVE"
"1416","FIVN"
"1417","FIXD"
"1418","FIZZ"
"1419","FJP"
"1420","FKO"
"1421","FKU"
"1422","FLAG"
"1423","FLAT"
"1424","FLDM"
"1425","FLEX"
"1426","FLGT"
"1427","FLIC"
"1428","FLIR"
"1429","FLKS"
"1430","FLL"
"1431","FLN"
"1432","FLWS"
"1433","FLXN"
"1434","FLXS"
"1435","FMAO"
"1436","FMAX"
"1437","FMB"
"1438","FMBH"
"1439","FMBI"
"1440","FMCI"
"1441","FMCIR"
"1442","FMCIU"
"1443","FMCIW"
"1444","FMI"
"1445","FMK"
"1446","FMNB"
"1447","FNBG"
"1448","FNCX"
"1449","FNGN"
"1450","FNHC"
"1451","FNJN"
"1452","FNK"
"1453","FNLC"
"1454","FNSR"
"1455","FNTE"
"1456","FNTEU"
"1457","FNTEW"
"1458","FNWB"
"1459","FNX"
"1460","FNY"
"1461","FOANC"
"1462","FOGO"
"1463","FOLD"
"1464","FOMX"
"1465","FONE"
"1466","FONR"
"1467","FORD"
"1468","FORK"
"1469","FORM"
"1470","FORR"
"1471","FORTY"
"1472","FOSL"
"1473","FOX"
"1474","FOXA"
"1475","FOXF"
"1476","FPA"
"1477","FPAY"
"1478","FPRX"
"1479","FPXI"
"1480","FRAN"
"1481","FRBA"
"1482","FRBK"
"1483","FRED"
"1484","FRGI"
"1485","FRME"
"1486","FRP"
"1487","FRPH"
"1488","FRPT"
"1489","FRSH"
"1490","FRTA"
"1491","FSAM"
"1492","FSBC"
"1493","FSBK"
"1494","FSBW"
"1495","FSC"
"1496","FSCFL"
"1497","FSFG"
"1498","FSFR"
"1499","FSLR"
"1500","FSNN"
"1501","FSTR"
"1502","FSV"
"1503","FSZ"
"1504","FTA"
"1505","FTAG"
"1506","FTC"
"1507","FTCS"
"1508","FTD"
"1509","FTEK"
"1510","FTEO"
"1511","FTGC"
"1512","FTHI"
"1513","FTLB"
"1514","FTNT"
"1515","FTR"
"1516","FTRI"
"1517","FTRPR"
"1518","FTSL"
"1519","FTSM"
"1520","FTW"
"1521","FTXD"
"1522","FTXG"
"1523","FTXH"
"1524","FTXL"
"1525","FTXN"
"1526","FTXO"
"1527","FTXR"
"1528","FUEL"
"1529","FULLL"
"1530","FULT"
"1531","FUNC"
"1532","FUND"
"1533","FUSB"
"1534","FV"
"1535","FVC"
"1536","FVE"
"1537","FWONA"
"1538","FWONK"
"1539","FWP"
"1540","FWRD"
"1541","FYC"
"1542","FYT"
"1543","FYX"
"1544","GABC"
"1545","GAIA"
"1546","GAIN"
"1547","GAINM"
"1548","GAINN"
"1549","GAINO"
"1550","GALE"
"1551","GALT"
"1552","GARS"
"1553","GASS"
"1554","GBCI"
"1555","GBDC"
"1556","GBLI"
"1557","GBLIL"
"1558","GBLIZ"
"1559","GBNK"
"1560","GBT"
"1561","GCBC"
"1562","GCVRZ"
"1563","GDEN"
"1564","GDS"
"1565","GEC"
"1566","GECC"
"1567","GEMP"
"1568","GENC"
"1569","GENE"
"1570","GENY"
"1571","GEOS"
"1572","GERN"
"1573","GEVO"
"1574","GFED"
"1575","GFN"
"1576","GFNCP"
"1577","GFNSL"
"1578","GGAL"
"1579","GHDX"
"1580","GIFI"
"1581","GIGA"
"1582","GIGM"
"1583","GIII"
"1584","GILD"
"1585","GILT"
"1586","GLAD"
"1587","GLADO"
"1588","GLBL"
"1589","GLBR"
"1590","GLBS"
"1591","GLBZ"
"1592","GLDD"
"1593","GLDI"
"1594","GLMD"
"1595","GLNG"
"1596","GLPG"
"1597","GLPI"
"1598","GLRE"
"1599","GLUU"
"1600","GLYC"
"1601","GMLP"
"1602","GNBC"
"1603","GNCA"
"1604","GNCMA"
"1605","GNMA"
"1606","GNMK"
"1607","GNMX"
"1608","GNRX"
"1609","GNST"
"1610","GNTX"
"1611","GNTY"
"1612","GNUS"
"1613","GNVC"
"1614","GOGL"
"1615","GOGO"
"1616","GOLD"
"1617","GOOD"
"1618","GOODM"
"1619","GOODO"
"1620","GOODP"
"1621","GOOG"
"1622","GOOGL"
"1623","GOV"
"1624","GOVNI"
"1625","GPAC"
"1626","GPACU"
"1627","GPACW"
"1628","GPIA"
"1629","GPIAU"
"1630","GPIAW"
"1631","GPIC"
"1632","GPOR"
"1633","GPP"
"1634","GPRE"
"1635","GPRO"
"1636","GRBK"
"1637","GRFS"
"1638","GRID"
"1639","GRIF"
"1640","GRMN"
"1641","GROW"
"1642","GRPN"
"1643","GRVY"
"1644","GSBC"
"1645","GSHT"
"1646","GSHTU"
"1647","GSHTW"
"1648","GSIT"
"1649","GSM"
"1650","GSOL"
"1651","GSUM"
"1652","GSVC"
"1653","GT"
"1654","GTIM"
"1655","GTLS"
"1656","GTWN"
"1657","GTXI"
"1658","GTYH"
"1659","GTYHU"
"1660","GTYHW"
"1661","GUID"
"1662","GULF"
"1663","GURE"
"1664","GWGH"
"1665","GWPH"
"1666","GWRS"
"1667","GYRO"
"1668","HA"
"1669","HABT"
"1670","HAFC"
"1671","HAIN"
"1672","HALL"
"1673","HALO"
"1674","HAS"
"1675","HAWK"
"1676","HAYN"
"1677","HBAN"
"1678","HBANN"
"1679","HBANO"
"1680","HBANP"
"1681","HBCP"
"1682","HBHC"
"1683","HBHCL"
"1684","HBIO"
"1685","HBK"
"1686","HBMD"
"1687","HBNC"
"1688","HBP"
"1689","HCAP"
"1690","HCAPL"
"1691","HCCI"
"1692","HCKT"
"1693","HCM"
"1694","HCOM"
"1695","HCSG"
"1696","HDNG"
"1697","HDP"
"1698","HDS"
"1699","HDSN"
"1700","HEAR"
"1701","HEBT"
"1702","HEES"
"1703","HELE"
"1704","HFBC"
"1705","HFBL"
"1706","HFWA"
"1707","HGSH"
"1708","HIBB"
"1709","HIFS"
"1710","HIHO"
"1711","HIIQ"
"1712","HIMX"
"1713","HLG"
"1714","HLIT"
"1715","HLNE"
"1716","HMHC"
"1717","HMNF"
"1718","HMNY"
"1719","HMST"
"1720","HMSY"
"1721","HMTA"
"1722","HMTV"
"1723","HMU"
"1724","HNH"
"1725","HNNA"
"1726","HNRG"
"1727","HOFT"
"1728","HOLI"
"1729","HOLX"
"1730","HOMB"
"1731","HONE"
"1732","HOPE"
"1733","HOTR"
"1734","HOTRW"
"1735","HOVNP"
"1736","HPJ"
"1737","HPT"
"1738","HQCL"
"1739","HQY"
"1740","HRMN"
"1741","HRMNU"
"1742","HRMNW"
"1743","HRTX"
"1744","HRZN"
"1745","HSGX"
"1746","HSIC"
"1747","HSII"
"1748","HSKA"
"1749","HSNI"
"1750","HSON"
"1751","HSTM"
"1752","HTBI"
"1753","HTBK"
"1754","HTBX"
"1755","HTGM"
"1756","HTHT"
"1757","HTLD"
"1758","HTLF"
"1759","HUBG"
"1760","HUNT"
"1761","HUNTU"
"1762","HUNTW"
"1763","HURC"
"1764","HURN"
"1765","HVBC"
"1766","HWBK"
"1767","HWCC"
"1768","HWKN"
"1769","HYGS"
"1770","HYLS"
"1771","HYND"
"1772","HYXE"
"1773","HYZD"
"1774","HZNP"
"1775","IAC"
"1776","IART"
"1777","IBB"
"1778","IBCP"
"1779","IBKC"
"1780","IBKCO"
"1781","IBKCP"
"1782","IBKR"
"1783","IBOC"
"1784","IBTX"
"1785","IBUY"
"1786","ICAD"
"1787","ICBK"
"1788","ICCC"
"1789","ICCH"
"1790","ICFI"
"1791","ICHR"
"1792","ICLN"
"1793","ICLR"
"1794","ICON"
"1795","ICPT"
"1796","ICUI"
"1797","IDCC"
"1798","IDLB"
"1799","IDRA"
"1800","IDSA"
"1801","IDSY"
"1802","IDTI"
"1803","IDXG"
"1804","IDXX"
"1805","IEP"
"1806","IESC"
"1807","IEUS"
"1808","IFEU"
"1809","IFGL"
"1810","IFMK"
"1811","IFON"
"1812","IFV"
"1813","IGF"
"1814","IGLD"
"1815","IGLE"
"1816","IGOV"
"1817","III"
"1818","IIIN"
"1819","IIJI"
"1820","IIN"
"1821","IIVI"
"1822","IKNX"
"1823","ILG"
"1824","ILMN"
"1825","IMDZ"
"1826","IMED"
"1827","IMGN"
"1828","IMI"
"1829","IMKTA"
"1830","IMMR"
"1831","IMMU"
"1832","IMMY"
"1833","IMNP"
"1834","IMOS"
"1835","IMPV"
"1836","INAP"
"1837","INBK"
"1838","INBKL"
"1839","INCR"
"1840","INCY"
"1841","INDB"
"1842","INDY"
"1843","INFI"
"1844","INFN"
"1845","INFO"
"1846","INFR"
"1847","INGN"
"1848","INNL"
"1849","INO"
"1850","INOD"
"1851","INOV"
"1852","INPX"
"1853","INSE"
"1854","INSG"
"1855","INSM"
"1856","INSY"
"1857","INTC"
"1858","INTG"
"1859","INTL"
"1860","INTU"
"1861","INTX"
"1862","INVA"
"1863","INVE"
"1864","INVT"
"1865","INWK"
"1866","IONS"
"1867","IOSP"
"1868","IOTS"
"1869","IPAR"
"1870","IPAS"
"1871","IPCC"
"1872","IPCI"
"1873","IPDN"
"1874","IPGP"
"1875","IPHS"
"1876","IPKW"
"1877","IPWR"
"1878","IPXL"
"1879","IRBT"
"1880","IRCP"
"1881","IRDM"
"1882","IRDMB"
"1883","IRIX"
"1884","IRMD"
"1885","IROQ"
"1886","IRTC"
"1887","IRWD"
"1888","ISBC"
"1889","ISCA"
"1890","ISHG"
"1891","ISIG"
"1892","ISM"
"1893","ISNS"
"1894","ISRG"
"1895","ISRL"
"1896","ISSC"
"1897","ISTR"
"1898","ITCI"
"1899","ITEK"
"1900","ITEQ"
"1901","ITI"
"1902","ITIC"
"1903","ITRI"
"1904","ITRN"
"1905","ITUS"
"1906","IVAC"
"1907","IVENC"
"1908","IVFGC"
"1909","IVFVC"
"1910","IVTY"
"1911","IXUS"
"1912","IXYS"
"1913","IZEA"
"1914","JACK"
"1915","JAGX"
"1916","JAKK"
"1917","JASN"
"1918","JASNW"
"1919","JASO"
"1920","JAZZ"
"1921","JBHT"
"1922","JBLU"
"1923","JBSS"
"1924","JCOM"
"1925","JCS"
"1926","JCTCF"
"1927","JD"
"1928","JIVE"
"1929","JJSF"
"1930","JKHY"
"1931","JKI"
"1932","JMBA"
"1933","JMU"
"1934","JNCE"
"1935","JNP"
"1936","JOBS"
"1937","JOUT"
"1938","JRJC"
"1939","JRVR"
"1940","JSM"
"1941","JSMD"
"1942","JSML"
"1943","JSYN"
"1944","JSYNR"
"1945","JSYNU"
"1946","JSYNW"
"1947","JTPY"
"1948","JUNO"
"1949","JVA"
"1950","JXSB"
"1951","JYNT"
"1952","KAAC"
"1953","KAACU"
"1954","KAACW"
"1955","KALU"
"1956","KALV"
"1957","KANG"
"1958","KBAL"
"1959","KBSF"
"1960","KBWB"
"1961","KBWD"
"1962","KBWP"
"1963","KBWR"
"1964","KBWY"
"1965","KCAP"
"1966","KE"
"1967","KELYA"
"1968","KELYB"
"1969","KEQU"
"1970","KERX"
"1971","KEYW"
"1972","KFFB"
"1973","KFRC"
"1974","KGJI"
"1975","KHC"
"1976","KIN"
"1977","KINS"
"1978","KIRK"
"1979","KITE"
"1980","KLAC"
"1981","KLIC"
"1982","KLXI"
"1983","KMDA"
"1984","KMPH"
"1985","KNDI"
"1986","KNSL"
"1987","KONA"
"1988","KONE"
"1989","KOOL"
"1990","KOPN"
"1991","KOSS"
"1992","KPTI"
"1993","KRMA"
"1994","KRNT"
"1995","KRNY"
"1996","KTCC"
"1997","KTEC"
"1998","KTOS"
"1999","KTOV"
"2000","KTOVW"
"2001","KTWO"
"2002","KURA"
"2003","KVHI"
"2004","KWEB"
"2005","LABL"
"2006","LAKE"
"2007","LALT"
"2008","LAMR"
"2009","LANC"
"2010","LAND"
"2011","LANDP"
"2012","LARK"
"2013","LAUR"
"2014","LAWS"
"2015","LAYN"
"2016","LBAI"
"2017","LBIO"
"2018","LBIX"
"2019","LBRDA"
"2020","LBRDK"
"2021","LBTYA"
"2022","LBTYB"
"2023","LBTYK"
"2024","LCA"
"2025","LCAHU"
"2026","LCAHW"
"2027","LCNB"
"2028","LCUT"
"2029","LDRI"
"2030","LE"
"2031","LECO"
"2032","LEDS"
"2033","LENS"
"2034","LEXEA"
"2035","LEXEB"
"2036","LFUS"
"2037","LFVN"
"2038","LGCY"
"2039","LGCYO"
"2040","LGCYP"
"2041","LGIH"
"2042","LGND"
"2043","LHCG"
"2044","LIFE"
"2045","LILA"
"2046","LILAK"
"2047","LINC"
"2048","LIND"
"2049","LINDW"
"2050","LINK"
"2051","LINU"
"2052","LION"
"2053","LITE"
"2054","LIVE"
"2055","LIVN"
"2056","LJPC"
"2057","LKFN"
"2058","LKOR"
"2059","LKQ"
"2060","LLEX"
"2061","LLIT"
"2062","LLNW"
"2063","LMAT"
"2064","LMB"
"2065","LMBS"
"2066","LMFA"
"2067","LMFAW"
"2068","LMIA"
"2069","LMNR"
"2070","LMNX"
"2071","LMOS"
"2072","LMRK"
"2073","LMRKO"
"2074","LMRKP"
"2075","LNCE"
"2076","LNDC"
"2077","LNGR"
"2078","LNTH"
"2079","LOAN"
"2080","LOB"
"2081","LOCO"
"2082","LOGI"
"2083","LOGM"
"2084","LONE"
"2085","LOPE"
"2086","LORL"
"2087","LOXO"
"2088","LPCN"
"2089","LPLA"
"2090","LPNT"
"2091","LPSN"
"2092","LPTH"
"2093","LPTX"
"2094","LQDT"
"2095","LRAD"
"2096","LRCX"
"2097","LSBK"
"2098","LSCC"
"2099","LSTR"
"2100","LSXMA"
"2101","LSXMB"
"2102","LSXMK"
"2103","LTBR"
"2104","LTEA"
"2105","LTRPA"
"2106","LTRPB"
"2107","LTRX"
"2108","LTXB"
"2109","LULU"
"2110","LUNA"
"2111","LVHD"
"2112","LVNTA"
"2113","LVNTB"
"2114","LWAY"
"2115","LXRX"
"2116","LYTS"
"2117","MACK"
"2118","MACQ"
"2119","MACQU"
"2120","MACQW"
"2121","MAGS"
"2122","MAMS"
"2123","MANH"
"2124","MANT"
"2125","MAPI"
"2126","MAR"
"2127","MARA"
"2128","MARK"
"2129","MARPS"
"2130","MASI"
"2131","MAT"
"2132","MATR"
"2133","MATW"
"2134","MAUI"
"2135","MAYS"
"2136","MB"
"2137","MBCN"
"2138","MBFI"
"2139","MBFIP"
"2140","MBII"
"2141","MBOT"
"2142","MBRX"
"2143","MBSD"
"2144","MBTF"
"2145","MBUU"
"2146","MBVX"
"2147","MBWM"
"2148","MCBC"
"2149","MCEF"
"2150","MCEP"
"2151","MCFT"
"2152","MCHI"
"2153","MCHP"
"2154","MCHX"
"2155","MCRB"
"2156","MCRI"
"2157","MDCA"
"2158","MDCO"
"2159","MDGL"
"2160","MDGS"
"2161","MDIV"
"2162","MDLZ"
"2163","MDRX"
"2164","MDSO"
"2165","MDVX"
"2166","MDVXW"
"2167","MDWD"
"2168","MDXG"
"2169","MEDP"
"2170","MEET"
"2171","MEIP"
"2172","MELI"
"2173","MELR"
"2174","MEOH"
"2175","MERC"
"2176","MESO"
"2177","METC"
"2178","MFIN"
"2179","MFINL"
"2180","MFNC"
"2181","MFSF"
"2182","MGCD"
"2183","MGEE"
"2184","MGEN"
"2185","MGI"
"2186","MGIC"
"2187","MGLN"
"2188","MGNX"
"2189","MGPI"
"2190","MGRC"
"2191","MGYR"
"2192","MHLD"
"2193","MICT"
"2194","MICTW"
"2195","MIDD"
"2196","MIII"
"2197","MIIIU"
"2198","MIIIW"
"2199","MIK"
"2200","MILN"
"2201","MIME"
"2202","MIND"
"2203","MINDP"
"2204","MINI"
"2205","MIRN"
"2206","MITK"
"2207","MITL"
"2208","MKSI"
"2209","MKTX"
"2210","MLAB"
"2211","MLCO"
"2212","MLHR"
"2213","MLNK"
"2214","MLNX"
"2215","MLVF"
"2216","MMAC"
"2217","MMDMU"
"2218","MMLP"
"2219","MMSI"
"2220","MMYT"
"2221","MNDO"
"2222","MNGA"
"2223","MNKD"
"2224","MNOV"
"2225","MNRO"
"2226","MNST"
"2227","MNTA"
"2228","MNTX"
"2229","MOBL"
"2230","MOCO"
"2231","MOFG"
"2232","MOGLC"
"2233","MOMO"
"2234","MORN"
"2235","MOSY"
"2236","MOXC"
"2237","MPAA"
"2238","MPAC"
"2239","MPACU"
"2240","MPACW"
"2241","MPB"
"2242","MPCT"
"2243","MPVD"
"2244","MPWR"
"2245","MRAM"
"2246","MRCC"
"2247","MRCY"
"2248","MRDN"
"2249","MRDNW"
"2250","MRIC"
"2251","MRLN"
"2252","MRNS"
"2253","MRTN"
"2254","MRTX"
"2255","MRUS"
"2256","MRVC"
"2257","MRVL"
"2258","MSBF"
"2259","MSBI"
"2260","MSCC"
"2261","MSDI"
"2262","MSDIW"
"2263","MSEX"
"2264","MSFG"
"2265","MSFT"
"2266","MSG"
"2267","MSLI"
"2268","MSON"
"2269","MSTR"
"2270","MTBC"
"2271","MTBCP"
"2272","MTCH"
"2273","MTEX"
"2274","MTFB"
"2275","MTFBW"
"2276","MTGE"
"2277","MTGEP"
"2278","MTLS"
"2279","MTP"
"2280","MTRX"
"2281","MTSC"
"2282","MTSI"
"2283","MTSL"
"2284","MU"
"2285","MVIS"
"2286","MXIM"
"2287","MXPT"
"2288","MXWL"
"2289","MYGN"
"2290","MYL"
"2291","MYOK"
"2292","MYOS"
"2293","MYRG"
"2294","MYSZ"
"2295","MZOR"
"2296","NAII"
"2297","NAKD"
"2298","NAME"
"2299","NANO"
"2300","NATH"
"2301","NATI"
"2302","NATR"
"2303","NAUH"
"2304","NAVG"
"2305","NAVI"
"2306","NBCP"
"2307","NBEV"
"2308","NBIX"
"2309","NBN"
"2310","NBRV"
"2311","NBTB"
"2312","NCBS"
"2313","NCIT"
"2314","NCLH"
"2315","NCMI"
"2316","NCOM"
"2317","NCSM"
"2318","NCTY"
"2319","NDAQ"
"2320","NDLS"
"2321","NDRA"
"2322","NDRAU"
"2323","NDRAW"
"2324","NDRM"
"2325","NDSN"
"2326","NEO"
"2327","NEOG"
"2328","NEON"
"2329","NEOS"
"2330","NEOT"
"2331","NEPT"
"2332","NERV"
"2333","NESRU"
"2334","NETE"
"2335","NEWS"
"2336","NEWT"
"2337","NEWTL"
"2338","NEWTZ"
"2339","NFBK"
"2340","NFEC"
"2341","NFLX"
"2342","NGHC"
"2343","NGHCN"
"2344","NGHCO"
"2345","NGHCP"
"2346","NGHCZ"
"2347","NH"
"2348","NHLD"
"2349","NHLDW"
"2350","NHTC"
"2351","NICE"
"2352","NICK"
"2353","NIHD"
"2354","NK"
"2355","NKSH"
"2356","NKTR"
"2357","NLNK"
"2358","NLST"
"2359","NMIH"
"2360","NMRX"
"2361","NNBR"
"2362","NNDM"
"2363","NODK"
"2364","NOVN"
"2365","NOVT"
"2366","NRCIA"
"2367","NRCIB"
"2368","NRIM"
"2369","NSEC"
"2370","NSIT"
"2371","NSSC"
"2372","NSTG"
"2373","NSYS"
"2374","NTAP"
"2375","NTCT"
"2376","NTEC"
"2377","NTES"
"2378","NTGR"
"2379","NTIC"
"2380","NTLA"
"2381","NTNX"
"2382","NTRA"
"2383","NTRI"
"2384","NTRP"
"2385","NTRS"
"2386","NTRSP"
"2387","NTWK"
"2388","NUAN"
"2389","NURO"
"2390","NUROW"
"2391","NUTR"
"2392","NUVA"
"2393","NVAX"
"2394","NVCN"
"2395","NVCR"
"2396","NVDA"
"2397","NVDQ"
"2398","NVEC"
"2399","NVEE"
"2400","NVET"
"2401","NVFY"
"2402","NVGN"
"2403","NVIV"
"2404","NVLN"
"2405","NVLS"
"2406","NVMI"
"2407","NVTR"
"2408","NVUS"
"2409","NWBI"
"2410","NWFL"
"2411","NWLI"
"2412","NWPX"
"2413","NWS"
"2414","NWSA"
"2415","NXEO"
"2416","NXEOU"
"2417","NXEOW"
"2418","NXPI"
"2419","NXST"
"2420","NXTD"
"2421","NXTDW"
"2422","NXTM"
"2423","NYMT"
"2424","NYMTO"
"2425","NYMTP"
"2426","NYMX"
"2427","NYNY"
"2428","OACQ"
"2429","OACQR"
"2430","OACQU"
"2431","OACQW"
"2432","OASM"
"2433","OBAS"
"2434","OBCI"
"2435","OBLN"
"2436","OBSV"
"2437","OCC"
"2438","OCFC"
"2439","OCLR"
"2440","OCRX"
"2441","OCUL"
"2442","ODFL"
"2443","ODP"
"2444","OESX"
"2445","OFED"
"2446","OFIX"
"2447","OFLX"
"2448","OFS"
"2449","OGXI"
"2450","OHAI"
"2451","OHGI"
"2452","OHRP"
"2453","OIIM"
"2454","OKSB"
"2455","OKTA"
"2456","OLBK"
"2457","OLD"
"2458","OLED"
"2459","OLLI"
"2460","OMAB"
"2461","OMCL"
"2462","OMED"
"2463","OMER"
"2464","OMEX"
"2465","OMNT"
"2466","ON"
"2467","ONB"
"2468","ONCE"
"2469","ONCS"
"2470","ONEQ"
"2471","ONS"
"2472","ONSIW"
"2473","ONSIZ"
"2474","ONTX"
"2475","ONTXW"
"2476","ONVI"
"2477","ONVO"
"2478","OPB"
"2479","OPGN"
"2480","OPGNW"
"2481","OPHC"
"2482","OPHT"
"2483","OPK"
"2484","OPOF"
"2485","OPTT"
"2486","OPXA"
"2487","OPXAW"
"2488","ORBC"
"2489","ORBK"
"2490","OREX"
"2491","ORG"
"2492","ORIG"
"2493","ORIT"
"2494","ORLY"
"2495","ORMP"
"2496","ORPN"
"2497","ORRF"
"2498","OSBC"
"2499","OSBCP"
"2500","OSIS"
"2501","OSN"
"2502","OSTK"
"2503","OSUR"
"2504","OTEL"
"2505","OTEX"
"2506","OTG"
"2507","OTIC"
"2508","OTIV"
"2509","OTTR"
"2510","OTTW"
"2511","OVAS"
"2512","OVBC"
"2513","OVID"
"2514","OVLY"
"2515","OXBR"
"2516","OXBRW"
"2517","OXFD"
"2518","OXLC"
"2519","OXLCN"
"2520","OXLCO"
"2521","OZRK"
"2522","PAAC"
"2523","PAACR"
"2524","PAACU"
"2525","PAACW"
"2526","PAAS"
"2527","PACB"
"2528","PACW"
"2529","PAGG"
"2530","PAHC"
"2531","PANL"
"2532","PATI"
"2533","PATK"
"2534","PAVM"
"2535","PAVMW"
"2536","PAYX"
"2537","PBBI"
"2538","PBCT"
"2539","PBCTP"
"2540","PBHC"
"2541","PBIB"
"2542","PBIP"
"2543","PBMD"
"2544","PBNC"
"2545","PBPB"
"2546","PBSK"
"2547","PBYI"
"2548","PCAR"
"2549","PCBK"
"2550","PCH"
"2551","PCLN"
"2552","PCMI"
"2553","PCO"
"2554","PCOM"
"2555","PCRX"
"2556","PCSB"
"2557","PCTI"
"2558","PCTY"
"2559","PCYG"
"2560","PCYO"
"2561","PDBC"
"2562","PDCE"
"2563","PDCO"
"2564","PDEX"
"2565","PDFS"
"2566","PDLI"
"2567","PDP"
"2568","PDVW"
"2569","PEBK"
"2570","PEBO"
"2571","PEGA"
"2572","PEGI"
"2573","PEIX"
"2574","PENN"
"2575","PERF"
"2576","PERI"
"2577","PERY"
"2578","PESI"
"2579","PETS"
"2580","PETX"
"2581","PEY"
"2582","PEZ"
"2583","PFBC"
"2584","PFBI"
"2585","PFBX"
"2586","PFI"
"2587","PFIE"
"2588","PFIN"
"2589","PFIS"
"2590","PFLT"
"2591","PFM"
"2592","PFMT"
"2593","PFPT"
"2594","PFSW"
"2595","PGC"
"2596","PGJ"
"2597","PGLC"
"2598","PGNX"
"2599","PGTI"
"2600","PHII"
"2601","PHIIK"
"2602","PHMD"
"2603","PHO"
"2604","PI"
"2605","PICO"
"2606","PID"
"2607","PIE"
"2608","PIH"
"2609","PINC"
"2610","PIO"
"2611","PIRS"
"2612","PIXY"
"2613","PIZ"
"2614","PKBK"
"2615","PKOH"
"2616","PKW"
"2617","PLAB"
"2618","PLAY"
"2619","PLBC"
"2620","PLCE"
"2621","PLPC"
"2622","PLPM"
"2623","PLSE"
"2624","PLUG"
"2625","PLUS"
"2626","PLW"
"2627","PLXP"
"2628","PLXS"
"2629","PLYA"
"2630","PLYAW"
"2631","PMBC"
"2632","PMD"
"2633","PME"
"2634","PMPT"
"2635","PMTS"
"2636","PNBK"
"2637","PNFP"
"2638","PNK"
"2639","PNNT"
"2640","PNQI"
"2641","PNRA"
"2642","PNRG"
"2643","PNTR"
"2644","PODD"
"2645","POLA"
"2646","POOL"
"2647","POPE"
"2648","POWI"
"2649","POWL"
"2650","PPBI"
"2651","PPC"
"2652","PPH"
"2653","PPHM"
"2654","PPHMP"
"2655","PPIH"
"2656","PPSI"
"2657","PRAA"
"2658","PRAH"
"2659","PRAN"
"2660","PRCP"
"2661","PRFT"
"2662","PRFZ"
"2663","PRGS"
"2664","PRGX"
"2665","PRIM"
"2666","PRKR"
"2667","PRMW"
"2668","PRN"
"2669","PROV"
"2670","PRPH"
"2671","PRQR"
"2672","PRSC"
"2673","PRSS"
"2674","PRTA"
"2675","PRTK"
"2676","PRTO"
"2677","PRTS"
"2678","PRXL"
"2679","PSAU"
"2680","PSC"
"2681","PSCC"
"2682","PSCD"
"2683","PSCE"
"2684","PSCF"
"2685","PSCH"
"2686","PSCI"
"2687","PSCM"
"2688","PSCT"
"2689","PSCU"
"2690","PSDO"
"2691","PSDV"
"2692","PSEC"
"2693","PSET"
"2694","PSL"
"2695","PSMT"
"2696","PSTB"
"2697","PSTI"
"2698","PTC"
"2699","PTCT"
"2700","PTEN"
"2701","PTF"
"2702","PTGX"
"2703","PTH"
"2704","PTI"
"2705","PTIE"
"2706","PTLA"
"2707","PTNR"
"2708","PTSI"
"2709","PTX"
"2710","PTXP"
"2711","PUB"
"2712","PUI"
"2713","PULM"
"2714","PVAC"
"2715","PVBC"
"2716","PVTB"
"2717","PVTBP"
"2718","PWOD"
"2719","PXI"
"2720","PXLW"
"2721","PXS"
"2722","PY"
"2723","PYDS"
"2724","PYPL"
"2725","PYZ"
"2726","PZRX"
"2727","PZZA"
"2728","QABA"
"2729","QADA"
"2730","QADB"
"2731","QAT"
"2732","QBAK"
"2733","QCLN"
"2734","QCOM"
"2735","QCRH"
"2736","QDEL"
"2737","QGEN"
"2738","QINC"
"2739","QIWI"
"2740","QLC"
"2741","QLYS"
"2742","QNST"
"2743","QPAC"
"2744","QPACU"
"2745","QPACW"
"2746","QQEW"
"2747","QQQ"
"2748","QQQC"
"2749","QQQX"
"2750","QQXT"
"2751","QRHC"
"2752","QRVO"
"2753","QSII"
"2754","QTEC"
"2755","QTNA"
"2756","QTNT"
"2757","QUIK"
"2758","QUMU"
"2759","QURE"
"2760","QVCA"
"2761","QVCB"
"2762","QYLD"
"2763","RADA"
"2764","RAIL"
"2765","RAND"
"2766","RARE"
"2767","RARX"
"2768","RAVE"
"2769","RAVN"
"2770","RBCAA"
"2771","RBCN"
"2772","RBIO"
"2773","RBPAA"
"2774","RCII"
"2775","RCKY"
"2776","RCM"
"2777","RCMT"
"2778","RCON"
"2779","RDCM"
"2780","RDHL"
"2781","RDI"
"2782","RDIB"
"2783","RDNT"
"2784","RDUS"
"2785","RDVY"
"2786","RDWR"
"2787","RECN"
"2788","REFR"
"2789","REGI"
"2790","REGN"
"2791","REIS"
"2792","RELL"
"2793","RELV"
"2794","RELY"
"2795","REPH"
"2796","RESN"
"2797","RETA"
"2798","REXX"
"2799","RFAP"
"2800","RFDI"
"2801","RFEM"
"2802","RFEU"
"2803","RFIL"
"2804","RGCO"
"2805","RGEN"
"2806","RGLD"
"2807","RGLS"
"2808","RGNX"
"2809","RGSE"
"2810","RIBT"
"2811","RIBTW"
"2812","RICK"
"2813","RIGL"
"2814","RILY"
"2815","RILYL"
"2816","RKDA"
"2817","RLJE"
"2818","RLOG"
"2819","RMBS"
"2820","RMCF"
"2821","RMGN"
"2822","RMR"
"2823","RMTI"
"2824","RNDB"
"2825","RNET"
"2826","RNST"
"2827","RNVA"
"2828","RNVAZ"
"2829","RNWK"
"2830","ROBO"
"2831","ROCK"
"2832","ROIC"
"2833","ROKA"
"2834","ROLL"
"2835","ROSE"
"2836","ROSEU"
"2837","ROSEW"
"2838","ROSG"
"2839","ROST"
"2840","RP"
"2841","RPD"
"2842","RPRX"
"2843","RPXC"
"2844","RRD"
"2845","RRGB"
"2846","RRR"
"2847","RSAS"
"2848","RSYS"
"2849","RTIX"
"2850","RTK"
"2851","RTNB"
"2852","RTRX"
"2853","RTTR"
"2854","RUN"
"2855","RUSHA"
"2856","RUSHB"
"2857","RUTH"
"2858","RVEN"
"2859","RVLT"
"2860","RVNC"
"2861","RVSB"
"2862","RWLK"
"2863","RXDX"
"2864","RXII"
"2865","RXIIW"
"2866","RYAAY"
"2867","SABR"
"2868","SAEX"
"2869","SAFM"
"2870","SAFT"
"2871","SAGE"
"2872","SAIA"
"2873","SAJA"
"2874","SAL"
"2875","SALE"
"2876","SALM"
"2877","SAMG"
"2878","SANM"
"2879","SANW"
"2880","SASR"
"2881","SATS"
"2882","SAUC"
"2883","SAVE"
"2884","SBAC"
"2885","SBBP"
"2886","SBBX"
"2887","SBCF"
"2888","SBCP"
"2889","SBFG"
"2890","SBFGP"
"2891","SBGI"
"2892","SBLK"
"2893","SBLKL"
"2894","SBNY"
"2895","SBNYW"
"2896","SBOT"
"2897","SBPH"
"2898","SBRA"
"2899","SBRAP"
"2900","SBSI"
"2901","SBUX"
"2902","SCAC"
"2903","SCACU"
"2904","SCACW"
"2905","SCCI"
"2906","SCHL"
"2907","SCHN"
"2908","SCKT"
"2909","SCLN"
"2910","SCMP"
"2911","SCON"
"2912","SCSC"
"2913","SCSS"
"2914","SCVL"
"2915","SCWX"
"2916","SCYX"
"2917","SCZ"
"2918","SEAC"
"2919","SEDG"
"2920","SEED"
"2921","SEIC"
"2922","SELB"
"2923","SELF"
"2924","SENEA"
"2925","SENEB"
"2926","SEV"
"2927","SFBC"
"2928","SFBS"
"2929","SFLY"
"2930","SFM"
"2931","SFNC"
"2932","SFST"
"2933","SGBK"
"2934","SGC"
"2935","SGEN"
"2936","SGLB"
"2937","SGLBW"
"2938","SGMA"
"2939","SGMO"
"2940","SGMS"
"2941","SGOC"
"2942","SGQI"
"2943","SGRP"
"2944","SGRY"
"2945","SGYP"
"2946","SHBI"
"2947","SHEN"
"2948","SHIP"
"2949","SHIPW"
"2950","SHLD"
"2951","SHLDW"
"2952","SHLM"
"2953","SHLO"
"2954","SHOO"
"2955","SHOR"
"2956","SHOS"
"2957","SHPG"
"2958","SHSP"
"2959","SIEB"
"2960","SIEN"
"2961","SIFI"
"2962","SIFY"
"2963","SIGI"
"2964","SIGM"
"2965","SILC"
"2966","SIMO"
"2967","SINA"
"2968","SINO"
"2969","SIR"
"2970","SIRI"
"2971","SITO"
"2972","SIVB"
"2973","SIVBO"
"2974","SKIS"
"2975","SKLN"
"2976","SKOR"
"2977","SKYS"
"2978","SKYW"
"2979","SKYY"
"2980","SLAB"
"2981","SLCT"
"2982","SLGN"
"2983","SLIM"
"2984","SLM"
"2985","SLMBP"
"2986","SLP"
"2987","SLQD"
"2988","SLRC"
"2989","SLVO"
"2990","SMBC"
"2991","SMBK"
"2992","SMCI"
"2993","SMCP"
"2994","SMED"
"2995","SMIT"
"2996","SMMF"
"2997","SMMT"
"2998","SMRT"
"2999","SMSI"
"3000","SMTC"
"3001","SMTX"
"3002","SNAK"
"3003","SNBC"
"3004","SNC"
"3005","SNCR"
"3006","SND"
"3007","SNDE"
"3008","SNDX"
"3009","SNES"
"3010","SNFCA"
"3011","SNGX"
"3012","SNGXW"
"3013","SNH"
"3014","SNHNI"
"3015","SNHNL"
"3016","SNHY"
"3017","SNI"
"3018","SNLN"
"3019","SNMX"
"3020","SNOA"
"3021","SNOAW"
"3022","SNPS"
"3023","SNSR"
"3024","SNSS"
"3025","SOCL"
"3026","SODA"
"3027","SOFO"
"3028","SOHO"
"3029","SOHOB"
"3030","SOHOM"
"3031","SOHU"
"3032","SONA"
"3033","SONC"
"3034","SONS"
"3035","SORL"
"3036","SOXX"
"3037","SP"
"3038","SPAN"
"3039","SPAR"
"3040","SPCB"
"3041","SPEX"
"3042","SPHS"
"3043","SPI"
"3044","SPIL"
"3045","SPKE"
"3046","SPKEP"
"3047","SPLK"
"3048","SPLS"
"3049","SPNC"
"3050","SPNE"
"3051","SPNS"
"3052","SPOK"
"3053","SPPI"
"3054","SPRT"
"3055","SPSC"
"3056","SPTN"
"3057","SPU"
"3058","SPWH"
"3059","SPWR"
"3060","SQBG"
"3061","SQQQ"
"3062","SQZZ"
"3063","SRAX"
"3064","SRCE"
"3065","SRCL"
"3066","SRCLP"
"3067","SRDX"
"3068","SRET"
"3069","SREV"
"3070","SRNE"
"3071","SRPT"
"3072","SRRA"
"3073","SRSC"
"3074","SRTS"
"3075","SRTSW"
"3076","SRUN"
"3077","SRUNU"
"3078","SRUNW"
"3079","SRVA"
"3080","SSB"
"3081","SSBI"
"3082","SSFN"
"3083","SSH"
"3084","SSKN"
"3085","SSNC"
"3086","SSNT"
"3087","SSRI"
"3088","SSYS"
"3089","STAA"
"3090","STAF"
"3091","STB"
"3092","STBA"
"3093","STBZ"
"3094","STDY"
"3095","STFC"
"3096","STKL"
"3097","STKS"
"3098","STLD"
"3099","STLR"
"3100","STLRU"
"3101","STLRW"
"3102","STLY"
"3103","STML"
"3104","STMP"
"3105","STPP"
"3106","STRA"
"3107","STRL"
"3108","STRM"
"3109","STRS"
"3110","STRT"
"3111","STX"
"3112","SUMR"
"3113","SUNS"
"3114","SUNW"
"3115","SUPN"
"3116","SVA"
"3117","SVBI"
"3118","SVRA"
"3119","SVVC"
"3120","SWIN"
"3121","SWIR"
"3122","SWKS"
"3123","SYBT"
"3124","SYKE"
"3125","SYMC"
"3126","SYMX"
"3127","SYNA"
"3128","SYNC"
"3129","SYNL"
"3130","SYNT"
"3131","SYPR"
"3132","SYRS"
"3133","TA"
"3134","TACO"
"3135","TACOW"
"3136","TACT"
"3137","TAIT"
"3138","TANH"
"3139","TANNI"
"3140","TANNL"
"3141","TANNZ"
"3142","TAPR"
"3143","TAST"
"3144","TATT"
"3145","TAX"
"3146","TAYD"
"3147","TBBK"
"3148","TBK"
"3149","TBNK"
"3150","TBPH"
"3151","TCBI"
"3152","TCBIL"
"3153","TCBIP"
"3154","TCBIW"
"3155","TCBK"
"3156","TCCO"
"3157","TCFC"
"3158","TCMD"
"3159","TCON"
"3160","TCPC"
"3161","TCRD"
"3162","TCX"
"3163","TDIV"
"3164","TEAM"
"3165","TEAR"
"3166","TECD"
"3167","TECH"
"3168","TEDU"
"3169","TELL"
"3170","TENX"
"3171","TERP"
"3172","TESO"
"3173","TESS"
"3174","TFSL"
"3175","TGA"
"3176","TGEN"
"3177","TGLS"
"3178","TGTX"
"3179","THFF"
"3180","THLD"
"3181","THRM"
"3182","THST"
"3183","TICC"
"3184","TICCL"
"3185","TIG"
"3186","TIL"
"3187","TILE"
"3188","TIPT"
"3189","TISA"
"3190","TITN"
"3191","TIVO"
"3192","TLF"
"3193","TLGT"
"3194","TLND"
"3195","TLT"
"3196","TMUS"
"3197","TMUSP"
"3198","TNAV"
"3199","TNDM"
"3200","TNXP"
"3201","TOCA"
"3202","TOPS"
"3203","TORM"
"3204","TOUR"
"3205","TOWN"
"3206","TPIC"
"3207","TPIV"
"3208","TQQQ"
"3209","TRCB"
"3210","TRCH"
"3211","TREE"
"3212","TRHC"
"3213","TRIB"
"3214","TRIL"
"3215","TRIP"
"3216","TRMB"
"3217","TRMK"
"3218","TRNC"
"3219","TRNS"
"3220","TROV"
"3221","TROVU"
"3222","TROVW"
"3223","TROW"
"3224","TRPX"
"3225","TRS"
"3226","TRST"
"3227","TRUE"
"3228","TRUP"
"3229","TRVG"
"3230","TRVN"
"3231","TSBK"
"3232","TSC"
"3233","TSCO"
"3234","TSEM"
"3235","TSLA"
"3236","TSRI"
"3237","TSRO"
"3238","TST"
"3239","TTD"
"3240","TTEC"
"3241","TTEK"
"3242","TTGT"
"3243","TTMI"
"3244","TTNP"
"3245","TTOO"
"3246","TTPH"
"3247","TTS"
"3248","TTWO"
"3249","TUES"
"3250","TURN"
"3251","TUSA"
"3252","TUSK"
"3253","TUTI"
"3254","TUTT"
"3255","TVIA"
"3256","TVIX"
"3257","TVIZ"
"3258","TVTY"
"3259","TWIN"
"3260","TWMC"
"3261","TWNK"
"3262","TWNKW"
"3263","TWOU"
"3264","TXN"
"3265","TXRH"
"3266","TYHT"
"3267","TYPE"
"3268","TZOO"
"3269","UAE"
"3270","UBCP"
"3271","UBFO"
"3272","UBIO"
"3273","UBND"
"3274","UBNK"
"3275","UBNT"
"3276","UBOH"
"3277","UBSH"
"3278","UBSI"
"3279","UCBA"
"3280","UCBI"
"3281","UCFC"
"3282","UCTT"
"3283","UDBI"
"3284","UEIC"
"3285","UEPS"
"3286","UFCS"
"3287","UFPI"
"3288","UFPT"
"3289","UG"
"3290","UGLD"
"3291","UHAL"
"3292","UIHC"
"3293","ULBI"
"3294","ULH"
"3295","ULTA"
"3296","ULTI"
"3297","UMBF"
"3298","UMPQ"
"3299","UNAM"
"3300","UNB"
"3301","UNFI"
"3302","UNIT"
"3303","UNTY"
"3304","UNXL"
"3305","UONE"
"3306","UONEK"
"3307","UPL"
"3308","UPLD"
"3309","URBN"
"3310","UREE"
"3311","URGN"
"3312","URRE"
"3313","USAK"
"3314","USAP"
"3315","USAT"
"3316","USATP"
"3317","USCR"
"3318","USEG"
"3319","USLB"
"3320","USLM"
"3321","USLV"
"3322","USOI"
"3323","UTEK"
"3324","UTHR"
"3325","UTMD"
"3326","UTSI"
"3327","UVSP"
"3328","VALU"
"3329","VALX"
"3330","VBFC"
"3331","VBIV"
"3332","VBLT"
"3333","VBND"
"3334","VBTX"
"3335","VCEL"
"3336","VCIT"
"3337","VCLT"
"3338","VCSH"
"3339","VCYT"
"3340","VDSI"
"3341","VDTH"
"3342","VEAC"
"3343","VEACU"
"3344","VEACW"
"3345","VECO"
"3346","VEON"
"3347","VERI"
"3348","VGIT"
"3349","VGLT"
"3350","VGSH"
"3351","VIA"
"3352","VIAB"
"3353","VIAV"
"3354","VICL"
"3355","VICR"
"3356","VIDI"
"3357","VIGI"
"3358","VIIX"
"3359","VIIZ"
"3360","VIRC"
"3361","VIRT"
"3362","VIST"
"3363","VIVE"
"3364","VIVO"
"3365","VKTX"
"3366","VKTXW"
"3367","VLGEA"
"3368","VLRX"
"3369","VMBS"
"3370","VMET"
"3371","VNDA"
"3372","VNET"
"3373","VNOM"
"3374","VNQI"
"3375","VOD"
"3376","VONE"
"3377","VONG"
"3378","VONV"
"3379","VOXX"
"3380","VRA"
"3381","VRAY"
"3382","VREX"
"3383","VRIG"
"3384","VRML"
"3385","VRNA"
"3386","VRNS"
"3387","VRNT"
"3388","VRSK"
"3389","VRSN"
"3390","VRTS"
"3391","VRTSP"
"3392","VRTU"
"3393","VRTX"
"3394","VSAR"
"3395","VSAT"
"3396","VSDA"
"3397","VSEC"
"3398","VSTM"
"3399","VTGN"
"3400","VTHR"
"3401","VTIP"
"3402","VTL"
"3403","VTNR"
"3404","VTVT"
"3405","VTWG"
"3406","VTWO"
"3407","VTWV"
"3408","VUSE"
"3409","VUZI"
"3410","VVPR"
"3411","VVUS"
"3412","VWOB"
"3413","VWR"
"3414","VXUS"
"3415","VYGR"
"3416","VYMI"
"3417","WABC"
"3418","WAFD"
"3419","WAFDW"
"3420","WASH"
"3421","WATT"
"3422","WAYN"
"3423","WB"
"3424","WBA"
"3425","WBB"
"3426","WBKC"
"3427","WBMD"
"3428","WCFB"
"3429","WCST"
"3430","WDC"
"3431","WDFC"
"3432","WEB"
"3433","WEBK"
"3434","WEN"
"3435","WERN"
"3436","WETF"
"3437","WEYS"
"3438","WFBI"
"3439","WFM"
"3440","WHF"
"3441","WHFBL"
"3442","WHLM"
"3443","WHLR"
"3444","WHLRD"
"3445","WHLRP"
"3446","WHLRW"
"3447","WIFI"
"3448","WILC"
"3449","WILN"
"3450","WIN"
"3451","WINA"
"3452","WING"
"3453","WINS"
"3454","WIRE"
"3455","WIX"
"3456","WKHS"
"3457","WLB"
"3458","WLDN"
"3459","WLFC"
"3460","WLTW"
"3461","WMAR"
"3462","WMGI"
"3463","WMGIZ"
"3464","WMIH"
"3465","WNEB"
"3466","WNFM"
"3467","WOOD"
"3468","WOOF"
"3469","WPCS"
"3470","WPPGY"
"3471","WPRT"
"3472","WRLD"
"3473","WSBC"
"3474","WSBF"
"3475","WSCI"
"3476","WSFS"
"3477","WSFSL"
"3478","WSTC"
"3479","WSTG"
"3480","WSTL"
"3481","WTBA"
"3482","WTFC"
"3483","WTFCM"
"3484","WTFCW"
"3485","WVE"
"3486","WVFC"
"3487","WVVI"
"3488","WVVIP"
"3489","WWD"
"3490","WYIG"
"3491","WYIGU"
"3492","WYIGW"
"3493","WYNN"
"3494","XBIO"
"3495","XBIT"
"3496","XBKS"
"3497","XCRA"
"3498","XELB"
"3499","XENE"
"3500","XENT"
"3501","XGTI"
"3502","XGTIW"
"3503","XIV"
"3504","XLNX"
"3505","XLRN"
"3506","XNCR"
"3507","XNET"
"3508","XOG"
"3509","XOMA"
"3510","XONE"
"3511","XPER"
"3512","XPLR"
"3513","XRAY"
"3514","XRDC"
"3515","XTLB"
"3516","YDIV"
"3517","YECO"
"3518","YERR"
"3519","YHOO"
"3520","YIN"
"3521","YLCO"
"3522","YNDX"
"3523","YORW"
"3524","YRCW"
"3525","YTEN"
"3526","YTRA"
"3527","YY"
"3528","Z"
"3529","ZAGG"
"3530","ZAIS"
"3531","ZBIO"
"3532","ZBRA"
"3533","ZEUS"
"3534","ZFGN"
"3535","ZG"
"3536","ZGNX"
"3537","ZION"
"3538","ZIONW"
"3539","ZIONZ"
"3540","ZIOP"
"3541","ZIV"
"3542","ZIXI"
"3543","ZN"
"3544","ZNGA"
"3545","ZNWAA"
"3546","ZSAN"
"3547","ZUMZ"
"3548","ZYNE"
"3549","A"
"3550","AA"
"3551","AAC"
"3552","AAN"
"3553","AAP"
"3554","AAT"
"3555","AAV"
"3556","AB"
"3557","ABB"
"3558","ABBV"
"3559","ABC"
"3560","ABEV"
"3561","ABG"
"3562","ABM"
"3563","ABR"
"3564","ABR-PA"
"3565","ABR-PB"
"3566","ABR-PC"
"3567","ABRN"
"3568","ABT"
"3569","ABX"
"3570","AC"
"3571","ACC"
"3572","ACCO"
"3573","ACH"
"3574","ACM"
"3575","ACN"
"3576","ACP"
"3577","ACRE"
"3578","ACV"
"3579","ADC"
"3580","ADM"
"3581","ADNT"
"3582","ADS"
"3583","ADSW"
"3584","ADX"
"3585","AEB"
"3586","AED"
"3587","AEE"
"3588","AEG"
"3589","AEH"
"3590","AEK"
"3591","AEL"
"3592","AEM"
"3593","AEO"
"3594","AEP"
"3595","AER"
"3596","AES"
"3597","AES-PC"
"3598","AET"
"3599","AEUA"
"3600","AF"
"3601","AF-PC"
"3602","AFA"
"3603","AFB"
"3604","AFC"
"3605","AFG"
"3606","AFGE"
"3607","AFGH"
"3608","AFI"
"3609","AFL"
"3610","AFSD"
"3611","AFSI-PA"
"3612","AFSI-PB"
"3613","AFSI-PC"
"3614","AFSI-PD"
"3615","AFSI-PE"
"3616","AFSI-PF"
"3617","AFSS"
"3618","AFST"
"3619","AFT"
"3620","AFW"
"3621","AG"
"3622","AGC"
"3623","AGCO"
"3624","AGD"
"3625","AGI"
"3626","AGM"
"3627","AGM-PA"
"3628","AGM-PB"
"3629","AGM-PC"
"3630","AGM.A"
"3631","AGN"
"3632","AGN-PA"
"3633","AGO"
"3634","AGO-PB"
"3635","AGO-PE"
"3636","AGO-PF"
"3637","AGR"
"3638","AGRO"
"3639","AGU"
"3640","AGX"
"3641","AHC"
"3642","AHH"
"3643","AHL"
"3644","AHL-PB.CL"
"3645","AHL-PC"
"3646","AHL-PD"
"3647","AHP"
"3648","AHP-PB"
"3649","AHT"
"3650","AHT-PA"
"3651","AHT-PD"
"3652","AHT-PF"
"3653","AHT-PG"
"3654","AI"
"3655","AI-PB"
"3656","AIB"
"3657","AIC"
"3658","AIF"
"3659","AIG"
"3660","AIG.WS"
"3661","AIN"
"3662","AIR"
"3663","AIT"
"3664","AIV"
"3665","AIV-PA"
"3666","AIW"
"3667","AIY"
"3668","AIZ"
"3669","AJG"
"3670","AJRD"
"3671","AJX"
"3672","AJXA"
"3673","AKO.A"
"3674","AKO.B"
"3675","AKP"
"3676","AKR"
"3677","AKS"
"3678","AL"
"3679","ALB"
"3680","ALDW"
"3681","ALE"
"3682","ALEX"
"3683","ALG"
"3684","ALJ"
"3685","ALK"
"3686","ALL"
"3687","ALL-PA"
"3688","ALL-PB"
"3689","ALL-PC"
"3690","ALL-PD"
"3691","ALL-PE"
"3692","ALL-PF"
"3693","ALLE"
"3694","ALLY"
"3695","ALLY-PA"
"3696","ALP-PO"
"3697","ALR"
"3698","ALR-PB"
"3699","ALSN"
"3700","ALV"
"3701","ALX"
"3702","AM"
"3703","AMBR"
"3704","AMC"
"3705","AME"
"3706","AMFW"
"3707","AMG"
"3708","AMGP"
"3709","AMH"
"3710","AMH-PA"
"3711","AMH-PB"
"3712","AMH-PC"
"3713","AMH-PD"
"3714","AMH-PE"
"3715","AMH-PF"
"3716","AMID"
"3717","AMN"
"3718","AMOV"
"3719","AMP"
"3720","AMRC"
"3721","AMT"
"3722","AMT-PB"
"3723","AMX"
"3724","AN"
"3725","ANET"
"3726","ANF"
"3727","ANFI"
"3728","ANH"
"3729","ANH-PA"
"3730","ANH-PB"
"3731","ANH-PC"
"3732","ANTM"
"3733","ANTX"
"3734","ANW"
"3735","AOD"
"3736","AOI"
"3737","AON"
"3738","AOS"
"3739","AP"
"3740","APA"
"3741","APAM"
"3742","APB"
"3743","APC"
"3744","APD"
"3745","APF"
"3746","APFH"
"3747","APH"
"3748","APLE"
"3749","APO"
"3750","APO-PA"
"3751","APTS"
"3752","APU"
"3753","AQN"
"3754","AR"
"3755","ARA"
"3756","ARC"
"3757","ARCH"
"3758","ARCO"
"3759","ARCX"
"3760","ARD"
"3761","ARDC"
"3762","ARE"
"3763","ARE-PD"
"3764","ARES"
"3765","ARES-PA"
"3766","ARH-PC"
"3767","ARI"
"3768","ARI-PA"
"3769","ARI-PC"
"3770","ARL"
"3771","ARMK"
"3772","ARNC"
"3773","ARNC-PB"
"3774","AROC"
"3775","ARR"
"3776","ARR-PA"
"3777","ARR-PB"
"3778","ARU"
"3779","ARW"
"3780","ASA"
"3781","ASB"
"3782","ASB-PC"
"3783","ASB-PD"
"3784","ASC"
"3785","ASG"
"3786","ASGN"
"3787","ASH"
"3788","ASIX"
"3789","ASPN"
"3790","ASR"
"3791","ASX"
"3792","AT"
"3793","ATEN"
"3794","ATH"
"3795","ATHM"
"3796","ATI"
"3797","ATKR"
"3798","ATO"
"3799","ATR"
"3800","ATTO"
"3801","ATU"
"3802","ATV"
"3803","ATW"
"3804","AU"
"3805","AUO"
"3806","AUY"
"3807","AVA"
"3808","AVAL"
"3809","AVB"
"3810","AVD"
"3811","AVH"
"3812","AVK"
"3813","AVP"
"3814","AVT"
"3815","AVX"
"3816","AVY"
"3817","AWF"
"3818","AWH"
"3819","AWI"
"3820","AWK"
"3821","AWP"
"3822","AWR"
"3823","AXE"
"3824","AXL"
"3825","AXON"
"3826","AXP"
"3827","AXR"
"3828","AXS"
"3829","AXS-PD"
"3830","AXS-PE"
"3831","AXTA"
"3832","AYI"
"3833","AYR"
"3834","AYX"
"3835","AZN"
"3836","AZO"
"3837","AZRE"
"3838","AZUL"
"3839","AZZ"
"3840","B"
"3841","BA"
"3842","BABA"
"3843","BAC"
"3844","BAC-PA"
"3845","BAC-PC"
"3846","BAC-PD"
"3847","BAC-PE"
"3848","BAC-PI"
"3849","BAC-PL"
"3850","BAC-PW"
"3851","BAC-PY"
"3852","BAC.WS.A"
"3853","BAC.WS.B"
"3854","BAF"
"3855","BAH"
"3856","BAK"
"3857","BAM"
"3858","BANC"
"3859","BANC-PC"
"3860","BANC-PD"
"3861","BANC-PE"
"3862","BAP"
"3863","BAS"
"3864","BAX"
"3865","BBD"
"3866","BBDO"
"3867","BBF"
"3868","BBG"
"3869","BBK"
"3870","BBL"
"3871","BBN"
"3872","BBT"
"3873","BBT-PD"
"3874","BBT-PE"
"3875","BBT-PF"
"3876","BBT-PG"
"3877","BBT-PH"
"3878","BBU"
"3879","BBVA"
"3880","BBW"
"3881","BBY"
"3882","BC"
"3883","BCC"
"3884","BCE"
"3885","BCEI"
"3886","BCH"
"3887","BCO"
"3888","BCR"
"3889","BCRH"
"3890","BCS"
"3891","BCS-PD"
"3892","BCX"
"3893","BDC"
"3894","BDC-PB"
"3895","BDJ"
"3896","BDN"
"3897","BDX"
"3898","BDXA"
"3899","BEDU"
"3900","BEL"
"3901","BEN"
"3902","BEP"
"3903","BERY"
"3904","BETR"
"3905","BF.A"
"3906","BF.B"
"3907","BFAM"
"3908","BFK"
"3909","BFO"
"3910","BFR"
"3911","BFS"
"3912","BFS-PC"
"3913","BFZ"
"3914","BG"
"3915","BGB"
"3916","BGC"
"3917","BGCA"
"3918","BGE-PB"
"3919","BGG"
"3920","BGH"
"3921","BGIO"
"3922","BGR"
"3923","BGS"
"3924","BGT"
"3925","BGX"
"3926","BGY"
"3927","BH"
"3928","BHE"
"3929","BHI"
"3930","BHK"
"3931","BHL"
"3932","BHLB"
"3933","BHP"
"3934","BHVN"
"3935","BID"
"3936","BIF"
"3937","BIG"
"3938","BIO"
"3939","BIO.B"
"3940","BIOA"
"3941","BIP"
"3942","BIT"
"3943","BITA"
"3944","BJZ"
"3945","BK"
"3946","BK-PC"
"3947","BKD"
"3948","BKE"
"3949","BKFS"
"3950","BKH"
"3951","BKHU"
"3952","BKK"
"3953","BKN"
"3954","BKS"
"3955","BKT"
"3956","BKU"
"3957","BLD"
"3958","BLH"
"3959","BLK"
"3960","BLL"
"3961","BLW"
"3962","BLX"
"3963","BMA"
"3964","BME"
"3965","BMI"
"3966","BML-PG"
"3967","BML-PH"
"3968","BML-PI"
"3969","BML-PJ"
"3970","BML-PL"
"3971","BMO"
"3972","BMS"
"3973","BMY"
"3974","BNED"
"3975","BNJ"
"3976","BNS"
"3977","BNY"
"3978","BOE"
"3979","BOH"
"3980","BOOT"
"3981","BORN"
"3982","BOX"
"3983","BOXC"
"3984","BP"
"3985","BPI"
"3986","BPK"
"3987","BPL"
"3988","BPT"
"3989","BPY"
"3990","BQH"
"3991","BR"
"3992","BRC"
"3993","BRFS"
"3994","BRK.A"
"3995","BRK.B"
"3996","BRO"
"3997","BRS"
"3998","BRSS"
"3999","BRT"
"4000","BRX"
"4001","BSAC"
"4002","BSBR"
"4003","BSD"
"4004","BSE"
"4005","BSL"
"4006","BSM"
"4007","BSMX"
"4008","BST"
"4009","BSX"
"4010","BT"
"4011","BTA"
"4012","BTE"
"4013","BTO"
"4014","BTT"
"4015","BTU"
"4016","BTZ"
"4017","BUD"
"4018","BUI"
"4019","BURL"
"4020","BVN"
"4021","BW"
"4022","BWA"
"4023","BWG"
"4024","BWP"
"4025","BWXT"
"4026","BX"
"4027","BXC"
"4028","BXE"
"4029","BXMT"
"4030","BXMX"
"4031","BXP"
"4032","BXP-PB"
"4033","BXS"
"4034","BYD"
"4035","BYM"
"4036","BZH"
"4037","C"
"4038","C-PC"
"4039","C-PJ"
"4040","C-PK"
"4041","C-PL"
"4042","C-PN"
"4043","C-PP"
"4044","C-PS"
"4045","C.WS.A"
"4046","CAA"
"4047","CAB"
"4048","CABO"
"4049","CACI"
"4050","CADE"
"4051","CAE"
"4052","CAF"
"4053","CAG"
"4054","CAH"
"4055","CAI"
"4056","CAJ"
"4057","CAL"
"4058","CALX"
"4059","CAPL"
"4060","CAT"
"4061","CATO"
"4062","CB"
"4063","CBA"
"4064","CBB"
"4065","CBB-PB"
"4066","CBD"
"4067","CBG"
"4068","CBI"
"4069","CBK"
"4070","CBL"
"4071","CBL-PD"
"4072","CBL-PE"
"4073","CBM"
"4074","CBO"
"4075","CBPX"
"4076","CBS"
"4077","CBS.A"
"4078","CBT"
"4079","CBU"
"4080","CBX"
"4081","CBZ"
"4082","CC"
"4083","CCC"
"4084","CCE"
"4085","CCI"
"4086","CCJ"
"4087","CCK"
"4088","CCL"
"4089","CCM"
"4090","CCO"
"4091","CCP"
"4092","CCS"
"4093","CCU"
"4094","CCV"
"4095","CCZ"
"4096","CDE"
"4097","CDI"
"4098","CDR"
"4099","CDR-PB"
"4100","CE"
"4101","CEA"
"4102","CEE"
"4103","CEL"
"4104","CELP"
"4105","CEM"
"4106","CEN"
"4107","CEO"
"4108","CEQP"
"4109","CF"
"4110","CFC-PB"
"4111","CFG"
"4112","CFI"
"4113","CFR"
"4114","CFR-PA"
"4115","CFX"
"4116","CGA"
"4117","CGG"
"4118","CGI"
"4119","CHA"
"4120","CHCT"
"4121","CHD"
"4122","CHE"
"4123","CHGG"
"4124","CHH"
"4125","CHK"
"4126","CHK-PD"
"4127","CHKR"
"4128","CHL"
"4129","CHMI"
"4130","CHN"
"4131","CHS"
"4132","CHSP"
"4133","CHSP-PA"
"4134","CHT"
"4135","CHU"
"4136","CI"
"4137","CIA"
"4138","CIB"
"4139","CIE"
"4140","CIEN"
"4141","CIF"
"4142","CIG"
"4143","CIG.C"
"4144","CII"
"4145","CIM"
"4146","CIM-PA"
"4147","CIM-PB"
"4148","CINR"
"4149","CIO"
"4150","CIO-PA"
"4151","CIR"
"4152","CIT"
"4153","CIVI"
"4154","CJ"
"4155","CKH"
"4156","CL"
"4157","CLA"
"4158","CLB"
"4159","CLD"
"4160","CLDR"
"4161","CLDT"
"4162","CLF"
"4163","CLGX"
"4164","CLH"
"4165","CLI"
"4166","CLNS"
"4167","CLNS-PA"
"4168","CLNS-PB"
"4169","CLNS-PC"
"4170","CLNS-PD"
"4171","CLNS-PE"
"4172","CLNS-PF"
"4173","CLNS-PG"
"4174","CLNS-PH"
"4175","CLPR"
"4176","CLR"
"4177","CLS"
"4178","CLW"
"4179","CLX"
"4180","CM"
"4181","CMA"
"4182","CMA.WS"
"4183","CMC"
"4184","CMCM"
"4185","CMD"
"4186","CMG"
"4187","CMI"
"4188","CMO"
"4189","CMO-PE"
"4190","CMP"
"4191","CMRE"
"4192","CMRE-PB"
"4193","CMRE-PC"
"4194","CMRE-PD"
"4195","CMS"
"4196","CMS-PB"
"4197","CMU"
"4198","CNA"
"4199","CNC"
"4200","CNCO"
"4201","CNDT"
"4202","CNHI"
"4203","CNI"
"4204","CNK"
"4205","CNNX"
"4206","CNO"
"4207","CNP"
"4208","CNQ"
"4209","CNS"
"4210","CNX"
"4211","CNXC"
"4212","CO"
"4213","CODI"
"4214","COE"
"4215","COF"
"4216","COF-PC"
"4217","COF-PD"
"4218","COF-PF"
"4219","COF-PG"
"4220","COF-PH"
"4221","COF-PP"
"4222","COF.WS"
"4223","COG"
"4224","COH"
"4225","COL"
"4226","COO"
"4227","COP"
"4228","COR"
"4229","COR-PA"
"4230","CORR"
"4231","CORR-PA"
"4232","COT"
"4233","COTV"
"4234","COTY"
"4235","CP"
"4236","CPA"
"4237","CPAC"
"4238","CPB"
"4239","CPE"
"4240","CPE-PA"
"4241","CPF"
"4242","CPG"
"4243","CPK"
"4244","CPL"
"4245","CPN"
"4246","CPS"
"4247","CPT"
"4248","CR"
"4249","CRC"
"4250","CRCM"
"4251","CRD.A"
"4252","CRD.B"
"4253","CRH"
"4254","CRI"
"4255","CRK"
"4256","CRL"
"4257","CRM"
"4258","CRR"
"4259","CRS"
"4260","CRT"
"4261","CRY"
"4262","CS"
"4263","CSL"
"4264","CSLT"
"4265","CSRA"
"4266","CSS"
"4267","CST"
"4268","CSTM"
"4269","CSU"
"4270","CSV"
"4271","CTAA"
"4272","CTB"
"4273","CTBB"
"4274","CTDD"
"4275","CTL"
"4276","CTLT"
"4277","CTR"
"4278","CTS"
"4279","CTT"
"4280","CTU"
"4281","CTV"
"4282","CTW"
"4283","CTX"
"4284","CTY"
"4285","CTZ"
"4286","CUB"
"4287","CUBE"
"4288","CUBI"
"4289","CUBI-PC"
"4290","CUBI-PD"
"4291","CUBI-PE"
"4292","CUBI-PF"
"4293","CUBS"
"4294","CUDA"
"4295","CUK"
"4296","CUZ"
"4297","CVA"
"4298","CVE"
"4299","CVEO"
"4300","CVG"
"4301","CVI"
"4302","CVNA"
"4303","CVO"
"4304","CVRR"
"4305","CVS"
"4306","CVX"
"4307","CW"
"4308","CWH"
"4309","CWT"
"4310","CX"
"4311","CXE"
"4312","CXH"
"4313","CXO"
"4314","CXP"
"4315","CXW"
"4316","CYD"
"4317","CYH"
"4318","CYS"
"4319","CYS-PA"
"4320","CYS-PB"
"4321","CZZ"
"4322","D"
"4323","DAC"
"4324","DAL"
"4325","DAN"
"4326","DAR"
"4327","DATA"
"4328","DB"
"4329","DBD"
"4330","DBL"
"4331","DCI"
"4332","DCM"
"4333","DCO"
"4334","DCP"
"4335","DCT"
"4336","DCUC"
"4337","DCUD"
"4338","DD"
"4339","DD-PA"
"4340","DD-PB"
"4341","DDC"
"4342","DDD"
"4343","DDE"
"4344","DDF"
"4345","DDR"
"4346","DDR-PJ"
"4347","DDR-PK"
"4348","DDS"
"4349","DDT"
"4350","DE"
"4351","DEA"
"4352","DECK"
"4353","DEI"
"4354","DEL"
"4355","DEO"
"4356","DEX"
"4357","DF"
"4358","DFIN"
"4359","DFP"
"4360","DFS"
"4361","DFS-PB"
"4362","DFT"
"4363","DFT-PC"
"4364","DG"
"4365","DGI"
"4366","DGX"
"4367","DHF"
"4368","DHG"
"4369","DHI"
"4370","DHR"
"4371","DHT"
"4372","DHX"
"4373","DIAX"
"4374","DIN"
"4375","DIS"
"4376","DK"
"4377","DKL"
"4378","DKS"
"4379","DKT"
"4380","DL"
"4381","DLB"
"4382","DLNG"
"4383","DLNG-PA"
"4384","DLPH"
"4385","DLR"
"4386","DLR-PG"
"4387","DLR-PH"
"4388","DLR-PI"
"4389","DLX"
"4390","DM"
"4391","DMB"
"4392","DMO"
"4393","DNB"
"4394","DNI"
"4395","DNOW"
"4396","DNP"
"4397","DNR"
"4398","DO"
"4399","DOC"
"4400","DOOR"
"4401","DOV"
"4402","DOW"
"4403","DPG"
"4404","DPLO"
"4405","DPS"
"4406","DPZ"
"4407","DQ"
"4408","DRA"
"4409","DRD"
"4410","DRE"
"4411","DRH"
"4412","DRI"
"4413","DRQ"
"4414","DRUA"
"4415","DS"
"4416","DS-PB"
"4417","DS-PC"
"4418","DS-PD"
"4419","DSE"
"4420","DSL"
"4421","DSM"
"4422","DST"
"4423","DSU"
"4424","DSW"
"4425","DSX"
"4426","DSX-PB"
"4427","DSXN"
"4428","DTE"
"4429","DTF"
"4430","DTJ"
"4431","DTK"
"4432","DTLA-P"
"4433","DTQ"
"4434","DTV"
"4435","DTY"
"4436","DUC"
"4437","DUK"
"4438","DUKH"
"4439","DV"
"4440","DVA"
"4441","DVD"
"4442","DVMT"
"4443","DVN"
"4444","DX"
"4445","DX-PA"
"4446","DX-PB"
"4447","DXB"
"4448","DXC"
"4449","DY"
"4450","DYN"
"4451","DYN-PA"
"4452","DYN.WS"
"4453","DYN.WS.A"
"4454","DYNC"
"4455","E"
"4456","EAB"
"4457","EAE"
"4458","EAI"
"4459","EARN"
"4460","EAT"
"4461","EBF"
"4462","EBR"
"4463","EBR.B"
"4464","EBS"
"4465","EC"
"4466","ECA"
"4467","ECC"
"4468","ECCA"
"4469","ECCB"
"4470","ECCZ"
"4471","ECL"
"4472","ECOM"
"4473","ECR"
"4474","ECT"
"4475","ED"
"4476","EDD"
"4477","EDF"
"4478","EDI"
"4479","EDN"
"4480","EDR"
"4481","EDU"
"4482","EE"
"4483","EEA"
"4484","EEP"
"4485","EEQ"
"4486","EEX"
"4487","EFC"
"4488","EFF"
"4489","EFR"
"4490","EFT"
"4491","EFX"
"4492","EGF"
"4493","EGIF"
"4494","EGL"
"4495","EGN"
"4496","EGO"
"4497","EGP"
"4498","EGY"
"4499","EHI"
"4500","EHIC"
"4501","EHT"
"4502","EIG"
"4503","EIX"
"4504","EL"
"4505","ELC"
"4506","ELF"
"4507","ELJ"
"4508","ELLI"
"4509","ELP"
"4510","ELS"
"4511","ELS-PC"
"4512","ELU"
"4513","ELVT"
"4514","ELY"
"4515","EMD"
"4516","EME"
"4517","EMES"
"4518","EMF"
"4519","EMN"
"4520","EMO"
"4521","EMP"
"4522","EMR"
"4523","ENB"
"4524","ENBL"
"4525","ENH-PC"
"4526","ENIA"
"4527","ENIC"
"4528","ENJ"
"4529","ENLC"
"4530","ENLK"
"4531","ENO"
"4532","ENR"
"4533","ENS"
"4534","ENV"
"4535","ENVA"
"4536","ENZ"
"4537","EOCC"
"4538","EOD"
"4539","EOG"
"4540","EOI"
"4541","EOS"
"4542","EOT"
"4543","EP-PC"
"4544","EPAM"
"4545","EPC"
"4546","EPD"
"4547","EPE"
"4548","EPR"
"4549","EPR-PC"
"4550","EPR-PE"
"4551","EPR-PF"
"4552","EQC"
"4553","EQC-PD"
"4554","EQCO"
"4555","EQGP"
"4556","EQM"
"4557","EQR"
"4558","EQS"
"4559","EQT"
"4560","ERA"
"4561","ERF"
"4562","ERJ"
"4563","EROS"
"4564","ES"
"4565","ESE"
"4566","ESL"
"4567","ESNT"
"4568","ESRT"
"4569","ESS"
"4570","ESTE"
"4571","ESV"
"4572","ETB"
"4573","ETE"
"4574","ETG"
"4575","ETH"
"4576","ETJ"
"4577","ETM"
"4578","ETN"
"4579","ETO"
"4580","ETP"
"4581","ETR"
"4582","ETV"
"4583","ETW"
"4584","ETX"
"4585","ETY"
"4586","EURN"
"4587","EV"
"4588","EVA"
"4589","EVC"
"4590","EVER"
"4591","EVER-PA"
"4592","EVF"
"4593","EVG"
"4594","EVH"
"4595","EVHC"
"4596","EVHC-P"
"4597","EVN"
"4598","EVR"
"4599","EVRI"
"4600","EVT"
"4601","EVTC"
"4602","EW"
"4603","EXC"
"4604","EXCU"
"4605","EXD"
"4606","EXG"
"4607","EXK"
"4608","EXP"
"4609","EXPR"
"4610","EXR"
"4611","EXTN"
"4612","EZT"
"4613","F"
"4614","FAC"
"4615","FAF"
"4616","FAM"
"4617","FBC"
"4618","FBHS"
"4619","FBK"
"4620","FBM"
"4621","FBP"
"4622","FBR"
"4623","FC"
"4624","FCAU"
"4625","FCB"
"4626","FCE.A"
"4627","FCE.B"
"4628","FCF"
"4629","FCFS"
"4630","FCH"
"4631","FCH-PA"
"4632","FCN"
"4633","FCPT"
"4634","FCT"
"4635","FCX"
"4636","FDC"
"4637","FDEU"
"4638","FDP"
"4639","FDS"
"4640","FDX"
"4641","FE"
"4642","FEI"
"4643","FELP"
"4644","FENG"
"4645","FEO"
"4646","FET"
"4647","FF"
"4648","FFA"
"4649","FFC"
"4650","FFG"
"4651","FGB"
"4652","FGL"
"4653","FGP"
"4654","FHN"
"4655","FHN-PA"
"4656","FHY"
"4657","FI"
"4658","FICO"
"4659","FIF"
"4660","FIG"
"4661","FII"
"4662","FIS"
"4663","FIT"
"4664","FIV"
"4665","FIX"
"4666","FL"
"4667","FLC"
"4668","FLO"
"4669","FLOW"
"4670","FLR"
"4671","FLS"
"4672","FLT"
"4673","FLY"
"4674","FMC"
"4675","FMN"
"4676","FMO"
"4677","FMS"
"4678","FMSA"
"4679","FMX"
"4680","FMY"
"4681","FN"
"4682","FNB"
"4683","FNB-PE"
"4684","FND"
"4685","FNF"
"4686","FNFV"
"4687","FNV"
"4688","FOE"
"4689","FOF"
"4690","FOR"
"4691","FPF"
"4692","FPH"
"4693","FPI"
"4694","FPL"
"4695","FPO"
"4696","FPT"
"4697","FR"
"4698","FRA"
"4699","FRAC"
"4700","FRC"
"4701","FRC-PB.CL"
"4702","FRC-PC"
"4703","FRC-PD"
"4704","FRC-PE"
"4705","FRC-PF"
"4706","FRC-PG"
"4707","FRO"
"4708","FRT"
"4709","FSB"
"4710","FSCE"
"4711","FSD"
"4712","FSIC"
"4713","FSM"
"4714","FSS"
"4715","FT"
"4716","FTAI"
"4717","FTI"
"4718","FTK"
"4719","FTS"
"4720","FTV"
"4721","FUL"
"4722","FUN"
"4723","G"
"4724","GAB"
"4725","GAB-PD"
"4726","GAB-PG"
"4727","GAB-PH"
"4728","GAB-PJ"
"4729","GAM"
"4730","GAM-PB"
"4731","GATX"
"4732","GBAB"
"4733","GBL"
"4734","GBX"
"4735","GCAP"
"4736","GCH"
"4737","GCI"
"4738","GCO"
"4739","GCP"
"4740","GCV"
"4741","GCV-PB"
"4742","GD"
"4743","GDDY"
"4744","GDI"
"4745","GDL"
"4746","GDL-PB"
"4747","GDO"
"4748","GDOT"
"4749","GDV"
"4750","GDV-PA"
"4751","GDV-PD"
"4752","GDV-PG"
"4753","GE"
"4754","GEB"
"4755","GEF"
"4756","GEF.B"
"4757","GEH"
"4758","GEK"
"4759","GEL"
"4760","GEN"
"4761","GEO"
"4762","GER"
"4763","GES"
"4764","GF"
"4765","GFA"
"4766","GFF"
"4767","GFI"
"4768","GFY"
"4769","GG"
"4770","GGB"
"4771","GGG"
"4772","GGM"
"4773","GGP"
"4774","GGP-PA"
"4775","GGT"
"4776","GGT-PB"
"4777","GGZ"
"4778","GGZ-PA"
"4779","GHC"
"4780","GHL"
"4781","GHM"
"4782","GHY"
"4783","GIB"
"4784","GIL"
"4785","GIM"
"4786","GIMO"
"4787","GIS"
"4788","GJH"
"4789","GJO"
"4790","GJP"
"4791","GJR"
"4792","GJS"
"4793","GJT"
"4794","GJV"
"4795","GKOS"
"4796","GLA"
"4797","GLOB"
"4798","GLOG"
"4799","GLOG-PA"
"4800","GLOP"
"4801","GLOP-PA"
"4802","GLP"
"4803","GLT"
"4804","GLW"
"4805","GM"
"4806","GM.WS.B"
"4807","GME"
"4808","GMED"
"4809","GMRE"
"4810","GMS"
"4811","GMTA"
"4812","GMZ"
"4813","GNC"
"4814","GNE"
"4815","GNE-PA"
"4816","GNK"
"4817","GNL"
"4818","GNRC"
"4819","GNRT"
"4820","GNT"
"4821","GNW"
"4822","GOF"
"4823","GOL"
"4824","GOLF"
"4825","GOOS"
"4826","GPC"
"4827","GPE-PA"
"4828","GPI"
"4829","GPK"
"4830","GPM"
"4831","GPN"
"4832","GPRK"
"4833","GPS"
"4834","GPT"
"4835","GPT-PA"
"4836","GPX"
"4837","GRA"
"4838","GRAM"
"4839","GRC"
"4840","GRP.U"
"4841","GRR"
"4842","GRUB"
"4843","GRX"
"4844","GRX-PA"
"4845","GRX-PB"
"4846","GS"
"4847","GS-PA"
"4848","GS-PB"
"4849","GS-PC"
"4850","GS-PD"
"4851","GS-PI"
"4852","GS-PJ"
"4853","GS-PK"
"4854","GS-PN"
"4855","GSBD"
"4856","GSH"
"4857","GSK"
"4858","GSL"
"4859","GSL-PB"
"4860","GTN"
"4861","GTN.A"
"4862","GTS"
"4863","GTT"
"4864","GTY"
"4865","GUT"
"4866","GUT-PA"
"4867","GUT-PC"
"4868","GVA"
"4869","GWB"
"4870","GWR"
"4871","GWRE"
"4872","GWW"
"4873","GXP"
"4874","GXP-PB"
"4875","GYB"
"4876","GYC"
"4877","GZT"
"4878","H"
"4879","HAE"
"4880","HAL"
"4881","HASI"
"4882","HBI"
"4883","HBM"
"4884","HBM.WS"
"4885","HCA"
"4886","HCC"
"4887","HCHC"
"4888","HCI"
"4889","HCLP"
"4890","HCN"
"4891","HCN-PI"
"4892","HCP"
"4893","HD"
"4894","HDB"
"4895","HE"
"4896","HE-PU"
"4897","HEI"
"4898","HEI.A"
"4899","HEP"
"4900","HEQ"
"4901","HES"
"4902","HES-PA"
"4903","HESM"
"4904","HF"
"4905","HFC"
"4906","HGH"
"4907","HGT"
"4908","HGV"
"4909","HHC"
"4910","HHS"
"4911","HI"
"4912","HIE"
"4913","HIFR"
"4914","HIG"
"4915","HIG.WS"
"4916","HII"
"4917","HIL"
"4918","HIO"
"4919","HIVE"
"4920","HIW"
"4921","HIX"
"4922","HJV"
"4923","HK"
"4924","HK.WS"
"4925","HL"
"4926","HL-PB"
"4927","HLF"
"4928","HLI"
"4929","HLS"
"4930","HLT"
"4931","HLX"
"4932","HMC"
"4933","HMLP"
"4934","HMN"
"4935","HMY"
"4936","HNI"
"4937","HNP"
"4938","HOG"
"4939","HOME"
"4940","HON"
"4941","HOS"
"4942","HOV"
"4943","HP"
"4944","HPE"
"4945","HPF"
"4946","HPI"
"4947","HPP"
"4948","HPQ"
"4949","HPS"
"4950","HQH"
"4951","HQL"
"4952","HR"
"4953","HRB"
"4954","HRC"
"4955","HRG"
"4956","HRI"
"4957","HRL"
"4958","HRS"
"4959","HRTG"
"4960","HSBC"
"4961","HSBC-PA"
"4962","HSC"
"4963","HSEA"
"4964","HSEB"
"4965","HST"
"4966","HSY"
"4967","HT"
"4968","HT-PC"
"4969","HT-PD"
"4970","HT-PE"
"4971","HTA"
"4972","HTD"
"4973","HTF"
"4974","HTGC"
"4975","HTGX"
"4976","HTH"
"4977","HTY"
"4978","HTZ"
"4979","HUBB"
"4980","HUBS"
"4981","HUM"
"4982","HUN"
"4983","HVT"
"4984","HVT.A"
"4985","HXL"
"4986","HY"
"4987","HYB"
"4988","HYH"
"4989","HYI"
"4990","HYT"
"4991","HZN"
"4992","HZO"
"4993","I"
"4994","IAE"
"4995","IAG"
"4996","IBA"
"4997","IBM"
"4998","IBN"
"4999","IBP"
"5000","ICB"
"5001","ICD"
"5002","ICE"
"5003","ICL"
"5004","IDA"
"5005","IDE"
"5006","IDT"
"5007","IEX"
"5008","IFF"
"5009","IFN"
"5010","IGA"
"5011","IGD"
"5012","IGI"
"5013","IGR"
"5014","IGT"
"5015","IHC"
"5016","IHD"
"5017","IHG"
"5018","IHIT"
"5019","IID"
"5020","IIF"
"5021","IIM"
"5022","IIPR"
"5023","IMAX"
"5024","INB"
"5025","INF"
"5026","INFY"
"5027","ING"
"5028","INGR"
"5029","INN"
"5030","INN-PB"
"5031","INN-PC"
"5032","INN-PD"
"5033","INSI"
"5034","INST"
"5035","INSW"
"5036","INT"
"5037","INVH"
"5038","INXN"
"5039","IO"
"5040","IP"
"5041","IPG"
"5042","IPHI"
"5043","IPI"
"5044","IPL-PD"
"5045","IQI"
"5046","IR"
"5047","IRET"
"5048","IRET-PB"
"5049","IRL"
"5050","IRM"
"5051","IRR"
"5052","IRS"
"5053","ISD"
"5054","ISF"
"5055","ISG"
"5056","ISP"
"5057","IT"
"5058","ITCB"
"5059","ITG"
"5060","ITGR"
"5061","ITT"
"5062","ITUB"
"5063","ITW"
"5064","IVC"
"5065","IVH"
"5066","IVR"
"5067","IVR-PA"
"5068","IVR-PB"
"5069","IVZ"
"5070","IX"
"5071","JAG"
"5072","JAX"
"5073","JBK"
"5074","JBL"
"5075","JBN"
"5076","JBR"
"5077","JBT"
"5078","JCAP"
"5079","JCE"
"5080","JCI"
"5081","JCO"
"5082","JCP"
"5083","JDD"
"5084","JE"
"5085","JE-PA"
"5086","JEC"
"5087","JELD"
"5088","JEQ"
"5089","JFC"
"5090","JFR"
"5091","JGH"
"5092","JHA"
"5093","JHB"
"5094","JHD"
"5095","JHI"
"5096","JHS"
"5097","JHX"
"5098","JHY"
"5099","JILL"
"5100","JKS"
"5101","JLL"
"5102","JLS"
"5103","JMEI"
"5104","JMF"
"5105","JMLP"
"5106","JMM"
"5107","JMP"
"5108","JMPB"
"5109","JMPC"
"5110","JMT"
"5111","JNJ"
"5112","JNPR"
"5113","JNS"
"5114","JOE"
"5115","JOF"
"5116","JONE"
"5117","JP"
"5118","JPC"
"5119","JPI"
"5120","JPM"
"5121","JPM-PA"
"5122","JPM-PB"
"5123","JPM-PD"
"5124","JPM-PE"
"5125","JPM-PF"
"5126","JPM-PG"
"5127","JPM-PH"
"5128","JPM.WS"
"5129","JPS"
"5130","JPT"
"5131","JPW"
"5132","JQC"
"5133","JRI"
"5134","JRO"
"5135","JRS"
"5136","JSD"
"5137","JTA"
"5138","JTD"
"5139","JW.A"
"5140","JW.B"
"5141","JWN"
"5142","K"
"5143","KAI"
"5144","KAMN"
"5145","KAP"
"5146","KAR"
"5147","KATE"
"5148","KB"
"5149","KBH"
"5150","KBR"
"5151","KCG"
"5152","KDMN"
"5153","KED"
"5154","KEF"
"5155","KEG"
"5156","KEM"
"5157","KEN"
"5158","KEP"
"5159","KEX"
"5160","KEY"
"5161","KEY-PI"
"5162","KEYS"
"5163","KF"
"5164","KFN-P"
"5165","KFS"
"5166","KFY"
"5167","KGC"
"5168","KIM"
"5169","KIM-PI"
"5170","KIM-PJ"
"5171","KIM-PK"
"5172","KIO"
"5173","KKR"
"5174","KKR-PA"
"5175","KKR-PB"
"5176","KMB"
"5177","KMF"
"5178","KMG"
"5179","KMI"
"5180","KMI-PA"
"5181","KMI.WS"
"5182","KMM"
"5183","KMPA"
"5184","KMPR"
"5185","KMT"
"5186","KMX"
"5187","KN"
"5188","KND"
"5189","KNL"
"5190","KNOP"
"5191","KNX"
"5192","KO"
"5193","KODK"
"5194","KODK.WS"
"5195","KODK.WS.A"
"5196","KOF"
"5197","KOP"
"5198","KORS"
"5199","KOS"
"5200","KR"
"5201","KRA"
"5202","KRC"
"5203","KRC-PH"
"5204","KREF"
"5205","KRG"
"5206","KRO"
"5207","KRP"
"5208","KS"
"5209","KSM"
"5210","KSS"
"5211","KST"
"5212","KSU"
"5213","KSU-P"
"5214","KT"
"5215","KTF"
"5216","KTH"
"5217","KTN"
"5218","KTP"
"5219","KW"
"5220","KWN"
"5221","KWR"
"5222","KYE"
"5223","KYN"
"5224","KYN-PF"
"5225","KYO"
"5226","L"
"5227","LAD"
"5228","LADR"
"5229","LAZ"
"5230","LB"
"5231","LBF"
"5232","LC"
"5233","LCI"
"5234","LCII"
"5235","LCM"
"5236","LDF"
"5237","LDL"
"5238","LDOS"
"5239","LDP"
"5240","LDR"
"5241","LEA"
"5242","LEE"
"5243","LEG"
"5244","LEJU"
"5245","LEN"
"5246","LEN.B"
"5247","LEO"
"5248","LFC"
"5249","LFGR"
"5250","LGF.A"
"5251","LGF.B"
"5252","LGI"
"5253","LH"
"5254","LHO"
"5255","LHO-PI"
"5256","LHO-PJ"
"5257","LII"
"5258","LITB"
"5259","LKSD"
"5260","LL"
"5261","LLL"
"5262","LLY"
"5263","LM"
"5264","LMHA"
"5265","LMHB"
"5266","LMT"
"5267","LN"
"5268","LNC"
"5269","LNC.WS"
"5270","LND"
"5271","LNN"
"5272","LNT"
"5273","LOR"
"5274","LOW"
"5275","LPG"
"5276","LPI"
"5277","LPL"
"5278","LPT"
"5279","LPX"
"5280","LQ"
"5281","LRN"
"5282","LSI"
"5283","LTC"
"5284","LTM"
"5285","LUB"
"5286","LUK"
"5287","LUV"
"5288","LUX"
"5289","LVLT"
"5290","LVS"
"5291","LW"
"5292","LXFR"
"5293","LXFT"
"5294","LXP"
"5295","LXP-PC"
"5296","LXU"
"5297","LYB"
"5298","LYG"
"5299","LYV"
"5300","LZB"
"5301","M"
"5302","MA"
"5303","MAA"
"5304","MAA-PI"
"5305","MAC"
"5306","MAIN"
"5307","MAN"
"5308","MANU"
"5309","MAS"
"5310","MATX"
"5311","MAV"
"5312","MBI"
"5313","MBLY"
"5314","MBT"
"5315","MC"
"5316","MCA"
"5317","MCC"
"5318","MCD"
"5319","MCI"
"5320","MCK"
"5321","MCN"
"5322","MCO"
"5323","MCR"
"5324","MCRN"
"5325","MCS"
"5326","MCV"
"5327","MCX"
"5328","MCY"
"5329","MD"
"5330","MDC"
"5331","MDLQ"
"5332","MDLX"
"5333","MDLY"
"5334","MDP"
"5335","MDR"
"5336","MDT"
"5337","MDU"
"5338","MED"
"5339","MEI"
"5340","MEN"
"5341","MER-PK"
"5342","MER-PP"
"5343","MET"
"5344","MET-PA"
"5345","MFA"
"5346","MFA-PB"
"5347","MFC"
"5348","MFCB"
"5349","MFD"
"5350","MFG"
"5351","MFL"
"5352","MFM"
"5353","MFO"
"5354","MFT"
"5355","MFV"
"5356","MG"
"5357","MGA"
"5358","MGF"
"5359","MGM"
"5360","MGP"
"5361","MGR"
"5362","MGU"
"5363","MH-PA"
"5364","MH-PC"
"5365","MHD"
"5366","MHF"
"5367","MHI"
"5368","MHK"
"5369","MHLA"
"5370","MHN"
"5371","MHNB"
"5372","MHNC"
"5373","MHO"
"5374","MHO-PA"
"5375","MIC"
"5376","MIE"
"5377","MIN"
"5378","MITT"
"5379","MITT-PA"
"5380","MITT-PB"
"5381","MIXT"
"5382","MIY"
"5383","MJN"
"5384","MKC"
"5385","MKC.V"
"5386","MKL"
"5387","MLI"
"5388","MLM"
"5389","MLP"
"5390","MLR"
"5391","MMC"
"5392","MMD"
"5393","MMI"
"5394","MMM"
"5395","MMP"
"5396","MMS"
"5397","MMT"
"5398","MMU"
"5399","MN"
"5400","MNE"
"5401","MNI"
"5402","MNK"
"5403","MNP"
"5404","MNR"
"5405","MNR-PB"
"5406","MNR-PC"
"5407","MO"
"5408","MOD"
"5409","MODN"
"5410","MOG.A"
"5411","MOG.B"
"5412","MOH"
"5413","MON"
"5414","MORE"
"5415","MOS"
"5416","MOV"
"5417","MP-PD"
"5418","MPA"
"5419","MPC"
"5420","MPLX"
"5421","MPO"
"5422","MPSX"
"5423","MPV"
"5424","MPW"
"5425","MPX"
"5426","MQT"
"5427","MQY"
"5428","MRC"
"5429","MRIN"
"5430","MRK"
"5431","MRO"
"5432","MRT"
"5433","MS"
"5434","MS-PA"
"5435","MS-PE"
"5436","MS-PF"
"5437","MS-PG"
"5438","MS-PI"
"5439","MS-PK"
"5440","MSA"
"5441","MSB"
"5442","MSCA"
"5443","MSCI"
"5444","MSD"
"5445","MSF"
"5446","MSG"
"5447","MSGN"
"5448","MSI"
"5449","MSL"
"5450","MSM"
"5451","MSP"
"5452","MT"
"5453","MTB"
"5454","MTB-P"
"5455","MTB-PC"
"5456","MTB.WS"
"5457","MTD"
"5458","MTDR"
"5459","MTG"
"5460","MTH"
"5461","MTL"
"5462","MTL-P"
"5463","MTN"
"5464","MTOR"
"5465","MTR"
"5466","MTRN"
"5467","MTT"
"5468","MTU"
"5469","MTW"
"5470","MTX"
"5471","MTZ"
"5472","MUA"
"5473","MUC"
"5474","MUE"
"5475","MUH"
"5476","MUI"
"5477","MUJ"
"5478","MULE"
"5479","MUR"
"5480","MUS"
"5481","MUSA"
"5482","MUX"
"5483","MVC"
"5484","MVCB"
"5485","MVO"
"5486","MVT"
"5487","MWA"
"5488","MX"
"5489","MXE"
"5490","MXF"
"5491","MXL"
"5492","MYC"
"5493","MYCC"
"5494","MYD"
"5495","MYE"
"5496","MYF"
"5497","MYI"
"5498","MYJ"
"5499","MYN"
"5500","MYOV"
"5501","MZF"
"5502","NAC"
"5503","NAD"
"5504","NADL"
"5505","NAN"
"5506","NAO"
"5507","NAP"
"5508","NAT"
"5509","NAV"
"5510","NAV-PD"
"5511","NAZ"
"5512","NBB"
"5513","NBD"
"5514","NBHC"
"5515","NBL"
"5516","NBLX"
"5517","NBR"
"5518","NC"
"5519","NCA"
"5520","NCB"
"5521","NCI"
"5522","NCR"
"5523","NCS"
"5524","NCV"
"5525","NCZ"
"5526","NDP"
"5527","NDRO"
"5528","NE"
"5529","NEA"
"5530","NEE"
"5531","NEE-PC"
"5532","NEE-PG"
"5533","NEE-PH"
"5534","NEE-PI"
"5535","NEE-PJ"
"5536","NEE-PK"
"5537","NEE-PQ"
"5538","NEE-PR"
"5539","NEFF"
"5540","NEM"
"5541","NEP"
"5542","NETS"
"5543","NEU"
"5544","NEV"
"5545","NEWM"
"5546","NEWR"
"5547","NFG"
"5548","NFJ"
"5549","NFX"
"5550","NGG"
"5551","NGL"
"5552","NGLS-PA"
"5553","NGS"
"5554","NGVC"
"5555","NGVT"
"5556","NHA"
"5557","NHF"
"5558","NHI"
"5559","NI"
"5560","NID"
"5561","NIE"
"5562","NIM"
"5563","NIQ"
"5564","NJR"
"5565","NKE"
"5566","NKG"
"5567","NKX"
"5568","NL"
"5569","NLS"
"5570","NLSN"
"5571","NLY"
"5572","NLY-PA"
"5573","NLY-PC"
"5574","NLY-PD"
"5575","NLY-PE"
"5576","NM"
"5577","NM-PG"
"5578","NM-PH"
"5579","NMFC"
"5580","NMI"
"5581","NMK-PB"
"5582","NMK-PC"
"5583","NMM"
"5584","NMR"
"5585","NMS"
"5586","NMT"
"5587","NMY"
"5588","NMZ"
"5589","NNA"
"5590","NNC"
"5591","NNI"
"5592","NNN"
"5593","NNN-PE"
"5594","NNN-PF"
"5595","NNY"
"5596","NOA"
"5597","NOAH"
"5598","NOC"
"5599","NOK"
"5600","NOM"
"5601","NOMD"
"5602","NORD"
"5603","NOV"
"5604","NOW"
"5605","NP"
"5606","NPK"
"5607","NPO"
"5608","NPTN"
"5609","NPV"
"5610","NQ"
"5611","NQP"
"5612","NR"
"5613","NRE"
"5614","NRG"
"5615","NRK"
"5616","NRP"
"5617","NRT"
"5618","NRZ"
"5619","NS"
"5620","NS-PA"
"5621","NS-PB"
"5622","NSA"
"5623","NSC"
"5624","NSH"
"5625","NSL"
"5626","NSM"
"5627","NSP"
"5628","NSR"
"5629","NSS"
"5630","NTB"
"5631","NTC"
"5632","NTEST"
"5633","NTEST.A"
"5634","NTEST.B"
"5635","NTEST.C"
"5636","NTG"
"5637","NTL"
"5638","NTP"
"5639","NTX"
"5640","NTZ"
"5641","NUE"
"5642","NUM"
"5643","NUO"
"5644","NUS"
"5645","NUV"
"5646","NUW"
"5647","NVG"
"5648","NVGS"
"5649","NVO"
"5650","NVR"
"5651","NVRO"
"5652","NVS"
"5653","NVTA"
"5654","NW-PC"
"5655","NWE"
"5656","NWHM"
"5657","NWL"
"5658","NWN"
"5659","NWY"
"5660","NX"
"5661","NXC"
"5662","NXJ"
"5663","NXN"
"5664","NXP"
"5665","NXQ"
"5666","NXR"
"5667","NXRT"
"5668","NYCB"
"5669","NYCB-PA"
"5670","NYCB-PU"
"5671","NYLD"
"5672","NYLD.A"
"5673","NYRT"
"5674","NYT"
"5675","NYV"
"5676","NZF"
"5677","O"
"5678","OA"
"5679","OAK"
"5680","OAKS"
"5681","OAKS-PA"
"5682","OAS"
"5683","OB"
"5684","OC"
"5685","OCIP"
"5686","OCN"
"5687","ODC"
"5688","OEC"
"5689","OFC"
"5690","OFC-PL.CL"
"5691","OFG"
"5692","OFG-PA"
"5693","OFG-PB"
"5694","OFG-PD"
"5695","OGE"
"5696","OGS"
"5697","OHI"
"5698","OI"
"5699","OIA"
"5700","OIBR.C"
"5701","OII"
"5702","OIS"
"5703","OKE"
"5704","OKS"
"5705","OLN"
"5706","OLP"
"5707","OMAA"
"5708","OMAM"
"5709","OMC"
"5710","OME"
"5711","OMF"
"5712","OMI"
"5713","OMN"
"5714","ONDK"
"5715","OOMA"
"5716","OPP"
"5717","OPY"
"5718","OR"
"5719","ORA"
"5720","ORAN"
"5721","ORC"
"5722","ORCL"
"5723","ORI"
"5724","ORN"
"5725","OSB"
"5726","OSG"
"5727","OSK"
"5728","OUT"
"5729","OXM"
"5730","OXY"
"5731","OZM"
"5732","P"
"5733","PAA"
"5734","PAC"
"5735","PACD"
"5736","PAG"
"5737","PAGP"
"5738","PAH"
"5739","PAI"
"5740","PAM"
"5741","PANW"
"5742","PAR"
"5743","PAY"
"5744","PAYC"
"5745","PB"
"5746","PBA"
"5747","PBB"
"5748","PBF"
"5749","PBFX"
"5750","PBH"
"5751","PBI"
"5752","PBI-PB"
"5753","PBR"
"5754","PBR.A"
"5755","PBT"
"5756","PCF"
"5757","PCG"
"5758","PCI"
"5759","PCK"
"5760","PCM"
"5761","PCN"
"5762","PCQ"
"5763","PDI"
"5764","PDM"
"5765","PDS"
"5766","PDT"
"5767","PE"
"5768","PEB"
"5769","PEB-PC"
"5770","PEB-PD"
"5771","PEG"
"5772","PEI"
"5773","PEI-PA"
"5774","PEI-PB"
"5775","PEI-PC"
"5776","PEN"
"5777","PEO"
"5778","PEP"
"5779","PER"
"5780","PES"
"5781","PF"
"5782","PFD"
"5783","PFE"
"5784","PFG"
"5785","PFGC"
"5786","PFH"
"5787","PFK"
"5788","PFL"
"5789","PFN"
"5790","PFO"
"5791","PFS"
"5792","PFSI"
"5793","PG"
"5794","PGEM"
"5795","PGH"
"5796","PGP"
"5797","PGR"
"5798","PGRE"
"5799","PGTI"
"5800","PGZ"
"5801","PH"
"5802","PHD"
"5803","PHG"
"5804","PHH"
"5805","PHI"
"5806","PHK"
"5807","PHM"
"5808","PHT"
"5809","PHX"
"5810","PII"
"5811","PIM"
"5812","PIR"
"5813","PIY"
"5814","PJC"
"5815","PJH"
"5816","PJT"
"5817","PK"
"5818","PKD"
"5819","PKE"
"5820","PKG"
"5821","PKI"
"5822","PKO"
"5823","PKX"
"5824","PKY"
"5825","PL-PC"
"5826","PL-PE"
"5827","PLD"
"5828","PLNT"
"5829","PLOW"
"5830","PLT"
"5831","PM"
"5832","PMC"
"5833","PMF"
"5834","PML"
"5835","PMM"
"5836","PMO"
"5837","PMT"
"5838","PMT-PA"
"5839","PMX"
"5840","PN"
"5841","PNC"
"5842","PNC-PP"
"5843","PNC-PQ"
"5844","PNC.WS"
"5845","PNF"
"5846","PNI"
"5847","PNM"
"5848","PNR"
"5849","PNTA"
"5850","PNW"
"5851","POL"
"5852","POR"
"5853","POST"
"5854","POT"
"5855","PPG"
"5856","PPL"
"5857","PPP"
"5858","PPR"
"5859","PPT"
"5860","PPX"
"5861","PQ"
"5862","PRA"
"5863","PRE-PF"
"5864","PRE-PG"
"5865","PRE-PH"
"5866","PRE-PI"
"5867","PRGO"
"5868","PRH"
"5869","PRI"
"5870","PRLB"
"5871","PRO"
"5872","PRTY"
"5873","PRU"
"5874","PSA"
"5875","PSA-PA"
"5876","PSA-PB"
"5877","PSA-PC"
"5878","PSA-PD"
"5879","PSA-PE"
"5880","PSA-PS"
"5881","PSA-PT"
"5882","PSA-PU"
"5883","PSA-PV"
"5884","PSA-PW"
"5885","PSA-PX"
"5886","PSA-PY"
"5887","PSA-PZ"
"5888","PSB"
"5889","PSB-PT"
"5890","PSB-PU"
"5891","PSB-PV"
"5892","PSB-PW"
"5893","PSF"
"5894","PSO"
"5895","PSTG"
"5896","PSX"
"5897","PSXP"
"5898","PTHN"
"5899","PTR"
"5900","PTY"
"5901","PUK"
"5902","PUK-P"
"5903","PUK-PA"
"5904","PUMP"
"5905","PVG"
"5906","PVH"
"5907","PVTD"
"5908","PWE"
"5909","PWR"
"5910","PX"
"5911","PXD"
"5912","PYN"
"5913","PYS"
"5914","PYT"
"5915","PZC"
"5916","PZE"
"5917","PZN"
"5918","Q"
"5919","QCP"
"5920","QEP"
"5921","QHC"
"5922","QSR"
"5923","QTM"
"5924","QTS"
"5925","QTWO"
"5926","QUAD"
"5927","QUOT"
"5928","R"
"5929","RA"
"5930","RACE"
"5931","RAD"
"5932","RAI"
"5933","RAS"
"5934","RAS-PA"
"5935","RAS-PB"
"5936","RAS-PC"
"5937","RATE"
"5938","RBA"
"5939","RBC"
"5940","RBS"
"5941","RBS-PF"
"5942","RBS-PH"
"5943","RBS-PL"
"5944","RBS-PS"
"5945","RCI"
"5946","RCL"
"5947","RCS"
"5948","RDC"
"5949","RDN"
"5950","RDS.A"
"5951","RDS.B"
"5952","RDY"
"5953","RE"
"5954","REG"
"5955","REG-PG"
"5956","RELX"
"5957","REN"
"5958","RENN"
"5959","RENX"
"5960","RES"
"5961","RESI"
"5962","REV"
"5963","REVG"
"5964","REX"
"5965","REXR"
"5966","REXR-PA"
"5967","RF"
"5968","RF-PA"
"5969","RF-PB"
"5970","RFI"
"5971","RFP"
"5972","RFT"
"5973","RFTA"
"5974","RGA"
"5975","RGC"
"5976","RGR"
"5977","RGS"
"5978","RGT"
"5979","RH"
"5980","RHI"
"5981","RHP"
"5982","RHT"
"5983","RIC"
"5984","RICE"
"5985","RIG"
"5986","RIO"
"5987","RIV"
"5988","RJF"
"5989","RL"
"5990","RLGY"
"5991","RLH"
"5992","RLI"
"5993","RLJ"
"5994","RM"
"5995","RMAX"
"5996","RMD"
"5997","RMP"
"5998","RMT"
"5999","RNG"
"6000","RNP"
"6001","RNR"
"6002","RNR-PC"
"6003","RNR-PE"
"6004","ROG"
"6005","ROK"
"6006","ROL"
"6007","ROP"
"6008","ROYT"
"6009","RPAI"
"6010","RPAI-PA"
"6011","RPM"
"6012","RPT"
"6013","RPT-PD"
"6014","RQI"
"6015","RRC"
"6016","RRD"
"6017","RRTS"
"6018","RS"
"6019","RSG"
"6020","RSO"
"6021","RSO-PA"
"6022","RSO-PB"
"6023","RSO-PC"
"6024","RSPP"
"6025","RST"
"6026","RT"
"6027","RTEC"
"6028","RTN"
"6029","RUBI"
"6030","RVT"
"6031","RWT"
"6032","RXN"
"6033","RXN-PA"
"6034","RY"
"6035","RY-PS"
"6036","RY-PT"
"6037","RYAM"
"6038","RYAM-PA"
"6039","RYI"
"6040","RYN"
"6041","RZA"
"6042","RZB"
"6043","S"
"6044","SA"
"6045","SAB"
"6046","SAH"
"6047","SAIC"
"6048","SALT"
"6049","SAM"
"6050","SAN"
"6051","SAN-PA"
"6052","SAN-PB"
"6053","SAN-PC"
"6054","SAN-PI"
"6055","SAP"
"6056","SAR"
"6057","SB"
"6058","SB-PB"
"6059","SB-PC"
"6060","SB-PD"
"6061","SBBC"
"6062","SBGL"
"6063","SBH"
"6064","SBNA"
"6065","SBNB"
"6066","SBOW"
"6067","SBR"
"6068","SBS"
"6069","SC"
"6070","SCCO"
"6071","SCD"
"6072","SCE-PF"
"6073","SCE-PG"
"6074","SCE-PH"
"6075","SCE-PJ"
"6076","SCE-PK"
"6077","SCG"
"6078","SCHW"
"6079","SCHW-PB"
"6080","SCHW-PC"
"6081","SCHW-PD"
"6082","SCI"
"6083","SCL"
"6084","SCM"
"6085","SCQ"
"6086","SCS"
"6087","SCX"
"6088","SD"
"6089","SDLP"
"6090","SDR"
"6091","SDRL"
"6092","SDT"
"6093","SEAS"
"6094","SEE"
"6095","SEM"
"6096","SEMG"
"6097","SEP"
"6098","SERV"
"6099","SF"
"6100","SF-PA"
"6101","SFE"
"6102","SFL"
"6103","SFR"
"6104","SFS"
"6105","SFUN"
"6106","SGF"
"6107","SGM"
"6108","SGU"
"6109","SGY"
"6110","SGZA"
"6111","SHAK"
"6112","SHG"
"6113","SHI"
"6114","SHLX"
"6115","SHO"
"6116","SHO-PE"
"6117","SHO-PF"
"6118","SHOP"
"6119","SHW"
"6120","SID"
"6121","SIG"
"6122","SITE"
"6123","SIX"
"6124","SJI"
"6125","SJM"
"6126","SJR"
"6127","SJT"
"6128","SJW"
"6129","SKM"
"6130","SKT"
"6131","SKX"
"6132","SLB"
"6133","SLCA"
"6134","SLD"
"6135","SLF"
"6136","SLG"
"6137","SLG-PI"
"6138","SLRA"
"6139","SLTB"
"6140","SM"
"6141","SMFG"
"6142","SMG"
"6143","SMI"
"6144","SMLP"
"6145","SMM"
"6146","SMP"
"6147","SN"
"6148","SNA"
"6149","SNAP"
"6150","SNDR"
"6151","SNE"
"6152","SNN"
"6153","SNOW"
"6154","SNP"
"6155","SNR"
"6156","SNV"
"6157","SNV-PC"
"6158","SNX"
"6159","SNY"
"6160","SO"
"6161","SOI"
"6162","SOJA"
"6163","SOJB"
"6164","SOL"
"6165","SON"
"6166","SOR"
"6167","SOV-PC"
"6168","SPA"
"6169","SPB"
"6170","SPE"
"6171","SPE-PB"
"6172","SPG"
"6173","SPG-PJ"
"6174","SPGI"
"6175","SPH"
"6176","SPLP"
"6177","SPLP-PA"
"6178","SPN"
"6179","SPR"
"6180","SPXC"
"6181","SPXX"
"6182","SQ"
"6183","SQM"
"6184","SQNS"
"6185","SR"
"6186","SRC"
"6187","SRE"
"6188","SRF"
"6189","SRG"
"6190","SRI"
"6191","SRLP"
"6192","SRT"
"6193","SRV"
"6194","SSD"
"6195","SSI"
"6196","SSL"
"6197","SSNI"
"6198","SSP"
"6199","SSTK"
"6200","SSW"
"6201","SSW-PD"
"6202","SSW-PE"
"6203","SSW-PG"
"6204","SSW-PH"
"6205","SSWN"
"6206","ST"
"6207","STAG"
"6208","STAG-PB"
"6209","STAG-PC"
"6210","STAR"
"6211","STAR-PD"
"6212","STAR-PE"
"6213","STAR-PF"
"6214","STAR-PG"
"6215","STAR-PI"
"6216","STAY"
"6217","STC"
"6218","STE"
"6219","STI"
"6220","STI-PA"
"6221","STI-PE"
"6222","STI.WS.A"
"6223","STI.WS.B"
"6224","STK"
"6225","STL"
"6226","STM"
"6227","STN"
"6228","STNG"
"6229","STO"
"6230","STON"
"6231","STOR"
"6232","STT"
"6233","STT-PC"
"6234","STT-PD"
"6235","STT-PE"
"6236","STT-PG"
"6237","STWD"
"6238","STZ"
"6239","STZ.B"
"6240","SU"
"6241","SUI"
"6242","SUI-PA"
"6243","SUM"
"6244","SUN"
"6245","SUP"
"6246","SUPV"
"6247","SVU"
"6248","SWFT"
"6249","SWJ"
"6250","SWK"
"6251","SWM"
"6252","SWN"
"6253","SWNC"
"6254","SWX"
"6255","SWZ"
"6256","SXC"
"6257","SXCP"
"6258","SXE"
"6259","SXI"
"6260","SXT"
"6261","SYF"
"6262","SYK"
"6263","SYT"
"6264","SYX"
"6265","SYY"
"6266","SZC"
"6267","T"
"6268","TAC"
"6269","TAHO"
"6270","TAL"
"6271","TAP"
"6272","TAP.A"
"6273","TARO"
"6274","TBI"
"6275","TCAP"
"6276","TCCA"
"6277","TCCB"
"6278","TCF"
"6279","TCF-PB"
"6280","TCF-PC"
"6281","TCF.WS"
"6282","TCI"
"6283","TCO"
"6284","TCO-PJ"
"6285","TCO-PK"
"6286","TCP"
"6287","TCRX"
"6288","TCRZ"
"6289","TCS"
"6290","TD"
"6291","TDA"
"6292","TDC"
"6293","TDE"
"6294","TDF"
"6295","TDG"
"6296","TDI"
"6297","TDJ"
"6298","TDOC"
"6299","TDS"
"6300","TDW"
"6301","TDY"
"6302","TECK"
"6303","TEF"
"6304","TEGP"
"6305","TEI"
"6306","TEL"
"6307","TEN"
"6308","TEO"
"6309","TEP"
"6310","TER"
"6311","TEVA"
"6312","TEX"
"6313","TFX"
"6314","TG"
"6315","TGH"
"6316","TGI"
"6317","TGNA"
"6318","TGP"
"6319","TGP-PA"
"6320","TGS"
"6321","TGT"
"6322","THC"
"6323","THG"
"6324","THGA"
"6325","THO"
"6326","THQ"
"6327","THR"
"6328","THS"
"6329","THW"
"6330","TI"
"6331","TI.A"
"6332","TIER"
"6333","TIF"
"6334","TIME"
"6335","TISI"
"6336","TJX"
"6337","TK"
"6338","TKC"
"6339","TKF"
"6340","TKR"
"6341","TLI"
"6342","TLK"
"6343","TLLP"
"6344","TLP"
"6345","TLRD"
"6346","TLYS"
"6347","TM"
"6348","TMHC"
"6349","TMK"
"6350","TMK-PB"
"6351","TMK-PC"
"6352","TMO"
"6353","TMST"
"6354","TNC"
"6355","TNET"
"6356","TNH"
"6357","TNK"
"6358","TNP"
"6359","TNP-PB"
"6360","TNP-PC"
"6361","TNP-PD"
"6362","TNP-PE"
"6363","TOL"
"6364","TOO"
"6365","TOO-PA"
"6366","TOO-PB"
"6367","TOT"
"6368","TOWR"
"6369","TPB"
"6370","TPC"
"6371","TPGE.U"
"6372","TPH"
"6373","TPL"
"6374","TPRE"
"6375","TPVG"
"6376","TPVZ"
"6377","TPX"
"6378","TPZ"
"6379","TR"
"6380","TRC"
"6381","TRCO"
"6382","TREC"
"6383","TREX"
"6384","TRGP"
"6385","TRI"
"6386","TRK"
"6387","TRMR"
"6388","TRN"
"6389","TRNO"
"6390","TRNO-PA"
"6391","TROX"
"6392","TRP"
"6393","TRQ"
"6394","TRR"
"6395","TRTN"
"6396","TRU"
"6397","TRV"
"6398","TS"
"6399","TSE"
"6400","TSI"
"6401","TSLF"
"6402","TSLX"
"6403","TSM"
"6404","TSN"
"6405","TSNU"
"6406","TSO"
"6407","TSQ"
"6408","TSS"
"6409","TSU"
"6410","TTC"
"6411","TTF"
"6412","TTI"
"6413","TTM"
"6414","TTP"
"6415","TU"
"6416","TUP"
"6417","TV"
"6418","TVC"
"6419","TVE"
"6420","TVPT"
"6421","TWI"
"6422","TWLO"
"6423","TWN"
"6424","TWO"
"6425","TWO-PA"
"6426","TWTR"
"6427","TWX"
"6428","TX"
"6429","TXT"
"6430","TY"
"6431","TY-P"
"6432","TYG"
"6433","TYL"
"6434","UA"
"6435","UAA"
"6436","UAL"
"6437","UAN"
"6438","UBA"
"6439","UBP"
"6440","UBP-PF"
"6441","UBP-PG"
"6442","UBS"
"6443","UCP"
"6444","UDR"
"6445","UE"
"6446","UFI"
"6447","UFS"
"6448","UGI"
"6449","UGP"
"6450","UHS"
"6451","UHT"
"6452","UIS"
"6453","UL"
"6454","UMC"
"6455","UMH"
"6456","UMH-PA"
"6457","UMH-PB"
"6458","UN"
"6459","UNF"
"6460","UNH"
"6461","UNM"
"6462","UNP"
"6463","UNT"
"6464","UNVR"
"6465","UPS"
"6466","URI"
"6467","USA"
"6468","USAC"
"6469","USB"
"6470","USB-PA"
"6471","USB-PH"
"6472","USB-PM"
"6473","USB-PO"
"6474","USDP"
"6475","USFD"
"6476","USG"
"6477","USM"
"6478","USNA"
"6479","USPH"
"6480","UTF"
"6481","UTI"
"6482","UTL"
"6483","UTX"
"6484","UVE"
"6485","UVV"
"6486","UZA"
"6487","UZB"
"6488","UZC"
"6489","V"
"6490","VAC"
"6491","VAL"
"6492","VALE"
"6493","VALE.P"
"6494","VAR"
"6495","VBF"
"6496","VC"
"6497","VCO"
"6498","VCRA"
"6499","VCV"
"6500","VEC"
"6501","VEDL"
"6502","VEEV"
"6503","VER"
"6504","VER-PF"
"6505","VET"
"6506","VFC"
"6507","VG"
"6508","VGI"
"6509","VGM"
"6510","VGR"
"6511","VHI"
"6512","VIPS"
"6513","VIV"
"6514","VJET"
"6515","VKQ"
"6516","VLO"
"6517","VLP"
"6518","VLRS"
"6519","VLT"
"6520","VLY"
"6521","VLY-PA"
"6522","VLY.WS"
"6523","VMC"
"6524","VMI"
"6525","VMO"
"6526","VMW"
"6527","VNCE"
"6528","VNO"
"6529","VNO-PG"
"6530","VNO-PI"
"6531","VNO-PK"
"6532","VNO-PL"
"6533","VNTV"
"6534","VOC"
"6535","VOYA"
"6536","VPG"
"6537","VPV"
"6538","VR"
"6539","VR-PA"
"6540","VRS"
"6541","VRTV"
"6542","VRX"
"6543","VSH"
"6544","VSI"
"6545","VSLR"
"6546","VSM"
"6547","VST"
"6548","VSTO"
"6549","VTA"
"6550","VTN"
"6551","VTR"
"6552","VTRB"
"6553","VTTI"
"6554","VVC"
"6555","VVI"
"6556","VVR"
"6557","VVV"
"6558","VZ"
"6559","VZA"
"6560","W"
"6561","WAAS"
"6562","WAB"
"6563","WAC"
"6564","WAGE"
"6565","WAIR"
"6566","WAL"
"6567","WALA"
"6568","WAT"
"6569","WBAI"
"6570","WBC"
"6571","WBK"
"6572","WBS"
"6573","WBS-PE"
"6574","WBT"
"6575","WCC"
"6576","WCG"
"6577","WCN"
"6578","WD"
"6579","WDAY"
"6580","WDR"
"6581","WEA"
"6582","WEC"
"6583","WES"
"6584","WEX"
"6585","WF"
"6586","WFC"
"6587","WFC-PJ"
"6588","WFC-PL"
"6589","WFC-PN"
"6590","WFC-PO"
"6591","WFC-PP"
"6592","WFC-PQ"
"6593","WFC-PR"
"6594","WFC-PT"
"6595","WFC-PV"
"6596","WFC-PW"
"6597","WFC-PX"
"6598","WFC-PY"
"6599","WFC.WS"
"6600","WFE-PA"
"6601","WFT"
"6602","WG"
"6603","WGL"
"6604","WGO"
"6605","WGP"
"6606","WHG"
"6607","WHR"
"6608","WIA"
"6609","WIT"
"6610","WIW"
"6611","WK"
"6612","WLH"
"6613","WLK"
"6614","WLKP"
"6615","WLL"
"6616","WM"
"6617","WMB"
"6618","WMC"
"6619","WMK"
"6620","WMLP"
"6621","WMS"
"6622","WMT"
"6623","WNC"
"6624","WNR"
"6625","WNRL"
"6626","WNS"
"6627","WOR"
"6628","WPC"
"6629","WPG"
"6630","WPG-PH"
"6631","WPG-PI"
"6632","WPM"
"6633","WPT"
"6634","WPX"
"6635","WPXP"
"6636","WPZ"
"6637","WR"
"6638","WRB"
"6639","WRB-PB"
"6640","WRB-PC"
"6641","WRB-PD"
"6642","WRD"
"6643","WRE"
"6644","WRI"
"6645","WRK"
"6646","WSM"
"6647","WSO"
"6648","WSO.B"
"6649","WSR"
"6650","WST"
"6651","WTI"
"6652","WTM"
"6653","WTR"
"6654","WTS"
"6655","WTTR"
"6656","WTW"
"6657","WU"
"6658","WUBA"
"6659","WWE"
"6660","WWW"
"6661","WY"
"6662","WYN"
"6663","X"
"6664","XCO"
"6665","XEC"
"6666","XEL"
"6667","XHR"
"6668","XIN"
"6669","XKE"
"6670","XL"
"6671","XNY"
"6672","XOM"
"6673","XON"
"6674","XOXO"
"6675","XPO"
"6676","XRF"
"6677","XRM"
"6678","XRX"
"6679","XTLY"
"6680","XYL"
"6681","Y"
"6682","YELP"
"6683","YEXT"
"6684","YGE"
"6685","YPF"
"6686","YRD"
"6687","YUM"
"6688","YUMC"
"6689","YUME"
"6690","ZAYO"
"6691","ZB-PA"
"6692","ZB-PF.CL"
"6693","ZB-PG"
"6694","ZB-PH"
"6695","ZBH"
"6696","ZBK"
"6697","ZEN"
"6698","ZF"
"6699","ZNH"
"6700","ZOES"
"6701","ZPIN"
"6702","ZTO"
"6703","ZTR"
"6704","ZTS"
"6705","ZX"
"6706","ZYME"
